Polutan,PCA,K,Variance,Silhouette,Davies_Bouldin,Calinski_Harabasz,Cluster_Min,Cluster_Max,Balance_Ratio,Ukuran_Cluster
SO2,1,2,0.5304833670367862,0.9252964799764819,0.030962589086771797,366.0022288716144,1,36,0.027777777777777776,1-36
SO2,1,3,0.5304833670367862,0.7146211433087764,0.4003647040840068,521.7303304744872,1,32,0.03125,1-4-32
SO2,1,4,0.5304833670367862,0.5984590430024319,0.3210295359439674,707.6596824737622,1,30,0.03333333333333333,1-1-5-30
SO2,1,5,0.5304833670367862,0.5029089757913182,0.353255223565922,1173.5054906851988,1,17,0.058823529411764705,1-1-3-15-17
SO2,1,6,0.5304833670367862,0.5412061164255426,0.34141137042401165,1612.4065525289725,1,15,0.06666666666666667,1-1-3-3-14-15
SO2,1,7,0.5304833670367862,0.5274571087561557,0.3428634037016071,1917.1220702768212,1,14,0.07142857142857142,1-1-3-3-6-9-14
SO2,1,8,0.5304833670367862,0.5256583396517593,0.3000531293413792,2917.304653924058,1,14,0.07142857142857142,1-1-1-2-3-6-9-14
SO2,1,9,0.5304833670367862,0.5820001552759347,0.29506800379585224,4065.060609841552,1,8,0.125,1-1-1-2-3-6-7-8-8
SO2,1,10,0.5304833670367862,0.618073074161868,0.2531043659897082,5309.6119172926465,1,8,0.125,1-1-1-2-2-3-4-7-8-8
SO2,2,2,0.7745510557725308,0.8767020214465241,0.06540106348437585,65.22140156934772,1,36,0.027777777777777776,1-36
SO2,2,3,0.7745510557725308,0.837207915039857,0.06363826005415074,166.38633882783208,1,35,0.02857142857142857,1-1-35
SO2,2,4,0.7745510557725308,0.655890313074883,0.2080158420511029,260.5502015818061,1,32,0.03125,1-1-3-32
SO2,2,5,0.7745510557725308,0.4758175089511739,0.3590211638032882,460.749500427981,1,20,0.05,1-1-3-12-20
SO2,2,6,0.7745510557725308,0.4717442832732337,0.3864599104700408,680.2734741736133,1,14,0.07142857142857142,1-1-3-5-13-14
SO2,2,7,0.7745510557725308,0.44979300601647304,0.3894482195485095,815.1127406171655,1,13,0.07692307692307693,1-1-2-3-7-10-13
SO2,2,8,0.7745510557725308,0.447649132758393,0.42022296872315384,943.156611413999,1,10,0.1,1-1-2-3-4-7-9-10
SO2,2,9,0.7745510557725308,0.4167730299738553,0.41765475744597125,1075.4148859342238,1,10,0.1,1-1-1-2-2-4-7-9-10
SO2,2,10,0.7745510557725308,0.4180513155483246,0.43364591585468304,1197.1766188375755,1,7,0.14285714285714285,1-1-1-2-2-4-6-6-7-7
SO2,3,2,0.8366572683204263,0.853800089650143,0.08206105983273083,53.067344805078996,1,36,0.027777777777777776,1-36
SO2,3,3,0.8366572683204263,0.8075195780290362,0.08401231536759364,99.94553241435376,1,35,0.02857142857142857,1-1-35
SO2,3,4,0.8366572683204263,0.5009082609794747,0.40501408950644946,150.88434360737497,1,28,0.03571428571428571,1-1-7-28
SO2,3,5,0.8366572683204263,0.4299403759880229,0.4181935359151717,219.2520395948137,1,20,0.05,1-1-3-12-20
SO2,3,6,0.8366572683204263,0.41152250120692946,0.4854208166301814,271.9931844143121,1,15,0.06666666666666667,1-1-3-5-12-15
SO2,3,7,0.8366572683204263,0.413032150843937,0.43748179321619246,278.2210419379908,1,13,0.07692307692307693,1-1-1-3-6-12-13
SO2,3,8,0.8366572683204263,0.3985383588969841,0.4475377625620228,294.5063002490955,1,13,0.07692307692307693,1-1-1-3-4-5-9-13
SO2,3,9,0.8366572683204263,0.39416726968617277,0.4228895389200906,340.2746796739824,1,12,0.08333333333333333,1-1-1-1-3-4-5-9-12
SO2,3,10,0.8366572683204263,0.3912387248232861,0.3636906239429189,376.68120960895845,1,12,0.08333333333333333,1-1-1-1-1-3-4-4-9-12
SO2,4,2,0.8872566792787168,0.8387321060018532,0.09178707485377142,46.086733515437,1,36,0.027777777777777776,1-36
SO2,4,3,0.8872566792787168,0.7849924951619071,0.0982275719389694,71.28037999499986,1,35,0.02857142857142857,1-1-35
SO2,4,4,0.8872566792787168,0.5906821116357606,0.5884678482818783,82.49838017558005,1,31,0.03225806451612903,1-1-4-31
SO2,4,5,0.8872566792787168,0.4840120841423908,0.38778786139369953,105.57964218538203,1,28,0.03571428571428571,1-1-1-6-28
SO2,4,6,0.8872566792787168,0.3943266577629499,0.42102816839105306,162.78071191465406,1,20,0.05,1-1-1-3-11-20
SO2,4,7,0.8872566792787168,0.3334883548198931,0.5189528874382928,187.56904574432426,1,13,0.07692307692307693,1-1-1-3-6-12-13
SO2,4,8,0.8872566792787168,0.3353955101735939,0.4650711466737118,198.2244793733247,1,14,0.07142857142857142,1-1-1-1-2-5-12-14
SO2,4,9,0.8872566792787168,0.2926473887304878,0.46889013208708064,203.25357975815595,1,12,0.08333333333333333,1-1-1-1-1-2-8-10-12
SO2,4,10,0.8872566792787168,0.30344388617736745,0.5746778952847512,218.84849616178877,1,9,0.1111111111111111,1-1-1-1-2-3-4-7-8-9
SO2,5,2,0.9140090902767225,0.8270737755131194,0.09921944494964872,43.0819663013867,1,36,0.027777777777777776,1-36
SO2,5,3,0.9140090902767225,0.7670996314749109,0.10925001593874258,61.72456369577697,1,35,0.02857142857142857,1-1-35
SO2,5,4,0.9140090902767225,0.5259432638395386,0.39329980521350516,65.99930032505502,1,32,0.03125,1-1-3-32
SO2,5,5,0.9140090902767225,0.54623863588464,0.345723496285206,76.6900722402139,1,31,0.03225806451612903,1-1-1-3-31
SO2,5,6,0.9140090902767225,0.3220600606899093,0.5285190754148594,95.84006198328157,1,20,0.05,1-1-1-3-11-20
SO2,5,7,0.9140090902767225,0.27996615971869776,0.5796627221976622,95.83592554071804,1,17,0.058823529411764705,1-1-1-2-3-12-17
SO2,5,8,0.9140090902767225,0.2757190783663014,0.5232368853209206,99.85876727967661,1,15,0.06666666666666667,1-1-1-1-2-3-13-15
SO2,5,9,0.9140090902767225,0.28846099598924807,0.5532945190306026,108.04386743520458,1,13,0.07692307692307693,1-1-1-1-2-2-4-12-13
SO2,5,10,0.9140090902767225,0.25939317504661363,0.5092542463068953,123.9842126921291,1,16,0.0625,1-1-1-1-1-2-2-4-8-16
SO2,6,2,0.9307163895979423,0.8180892600845244,0.10568280049476027,41.39425864387515,1,36,0.027777777777777776,1-36
SO2,6,3,0.9307163895979423,0.7530420056042939,0.11878063650585663,56.90830568193327,1,35,0.02857142857142857,1-1-35
SO2,6,4,0.9307163895979423,0.48897114597556435,0.41518527909013014,58.67976101320658,1,32,0.03125,1-1-3-32
SO2,6,5,0.9307163895979423,0.5078567302561647,0.36413655865077965,64.67103897793196,1,31,0.03225806451612903,1-1-1-3-31
SO2,6,6,0.9307163895979423,0.2639436351978707,0.6113956309008973,74.33792566465168,1,20,0.05,1-1-1-3-11-20
SO2,6,7,0.9307163895979423,0.225459682940447,0.6598579351149105,72.79149035248184,1,17,0.058823529411764705,1-1-1-2-3-12-17
SO2,6,8,0.9307163895979423,0.16614284398405338,0.7226895205077796,68.40539724720583,1,13,0.07692307692307693,1-1-1-1-2-6-12-13
SO2,6,9,0.9307163895979423,0.22870842265080019,0.545098887742467,73.7734289292476,1,16,0.0625,1-1-1-1-1-2-2-12-16
SO2,6,10,0.9307163895979423,0.1806552495830153,0.6233091789102645,75.88613023216509,1,12,0.08333333333333333,1-1-1-1-1-2-2-7-9-12
SO2,7,2,0.9460752798324764,0.8112525385263197,0.11079012803060048,39.95578695206323,1,36,0.027777777777777776,1-36
SO2,7,3,0.9460752798324764,0.7423559607053041,0.12625143567874267,53.10544194115097,1,35,0.02857142857142857,1-1-35
SO2,7,4,0.9460752798324764,0.4658452423761044,0.45615239207592195,53.22819721359131,1,32,0.03125,1-1-3-32
SO2,7,5,0.9460752798324764,0.4830622242900575,0.4024675527085287,56.615989737528466,1,31,0.03225806451612903,1-1-1-3-31
SO2,7,6,0.9460752798324764,0.2360646275326732,0.6696044547334435,62.67663917636891,1,20,0.05,1-1-1-3-11-20
SO2,7,7,0.9460752798324764,0.1904139454909358,0.737276989127128,59.06832929243947,1,17,0.058823529411764705,1-1-1-2-3-12-17
SO2,7,8,0.9460752798324764,0.1556246021712682,0.7601528404587788,55.797095467234655,1,15,0.06666666666666667,1-1-1-1-2-7-9-15
SO2,7,9,0.9460752798324764,0.1674733310064813,0.781891779787685,56.601807643665055,1,13,0.07692307692307693,1-1-1-1-2-2-7-9-13
SO2,7,10,0.9460752798324764,0.14228392347010638,0.7462256175078883,57.595162834902084,1,11,0.09090909090909091,1-1-1-1-1-2-2-7-10-11
SO2,8,2,0.9593290235474794,0.8053261923055262,0.11556921898717606,38.792247396100386,1,36,0.027777777777777776,1-36
SO2,8,3,0.9593290235474794,0.7331738479699397,0.1334909626376626,50.22432676420858,1,35,0.02857142857142857,1-1-35
SO2,8,4,0.9593290235474794,0.4449719497071269,0.4825679794126423,49.23865528507932,1,32,0.03125,1-1-3-32
SO2,8,5,0.9593290235474794,0.46132684993392953,0.4264301277068655,51.02176125462132,1,31,0.03225806451612903,1-1-1-3-31
SO2,8,6,0.9593290235474794,0.21035606468780177,0.7218406601405136,54.52241565946179,1,20,0.05,1-1-1-3-11-20
SO2,8,7,0.9593290235474794,0.18177951919491747,0.7925200356685921,51.273464112026836,1,15,0.06666666666666667,1-1-1-2-3-14-15
SO2,8,8,0.9593290235474794,0.13838872397169633,0.8108951748087343,48.09687112728508,1,15,0.06666666666666667,1-1-1-1-2-7-9-15
SO2,8,9,0.9593290235474794,0.17446748009123653,0.6494677354908527,48.340302479954744,1,17,0.058823529411764705,1-1-1-1-1-2-2-11-17
SO2,8,10,0.9593290235474794,0.17793793331397537,0.7201686368216372,49.99828487225198,1,12,0.08333333333333333,1-1-1-1-1-2-2-6-10-12
SO2,9,2,0.9709926886968495,0.8004628935290051,0.11941755531053104,37.82282965242901,1,36,0.027777777777777776,1-36
SO2,9,3,0.9709926886968495,0.7256269945073519,0.1390565849470741,47.92108780269852,1,35,0.02857142857142857,1-1-35
SO2,9,4,0.9709926886968495,0.4267010420216919,0.493049906361845,46.20790810978187,1,32,0.03125,1-1-3-32
SO2,9,5,0.9709926886968495,0.4426175905657172,0.43499545333802647,47.02236886488276,1,31,0.03225806451612903,1-1-1-3-31
SO2,9,6,0.9709926886968495,0.19759517421026224,0.7583601001583533,49.201875765150746,1,20,0.05,1-1-1-3-11-20
SO2,9,7,0.9709926886968495,0.1620924269305808,0.84668027075314,45.45281554534001,1,15,0.06666666666666667,1-1-1-2-3-14-15
SO2,9,8,0.9709926886968495,0.14266849457643138,0.8382437114916268,43.668099517531836,1,15,0.06666666666666667,1-1-1-1-2-7-9-15
SO2,9,9,0.9709926886968495,0.15336390984920165,0.8128849286760491,42.39888841850978,1,17,0.058823529411764705,1-1-1-1-2-2-5-7-17
SO2,9,10,0.9709926886968495,0.1352786722914013,0.9073190883285213,40.629913968973455,1,12,0.08333333333333333,1-1-1-1-2-2-4-5-8-12
SO2,10,2,0.9767454478983939,0.7984115395676522,0.12091249897279165,37.362264233352,1,36,0.027777777777777776,1-36
SO2,10,3,0.9767454478983939,0.7224824785682146,0.1412054939531373,46.86672278968523,1,35,0.02857142857142857,1-1-35
SO2,10,4,0.9767454478983939,0.41989980359989415,0.5014546285286752,44.83583796363304,1,32,0.03125,1-1-3-32
SO2,10,5,0.9767454478983939,0.43557955041589,0.4425527098678331,45.24397263393549,1,31,0.03225806451612903,1-1-1-3-31
SO2,10,6,0.9767454478983939,0.1906385303226702,0.7751765090599991,46.81538063474578,1,20,0.05,1-1-1-3-11-20
SO2,10,7,0.9767454478983939,0.16187739493452655,0.8590272610482393,42.59118733398948,1,18,0.05555555555555555,1-1-1-2-3-11-18
SO2,10,8,0.9767454478983939,0.13478943133260932,0.8607676821577681,41.220775483569035,1,15,0.06666666666666667,1-1-1-1-2-7-9-15
SO2,10,9,0.9767454478983939,0.1447970833498439,0.8370780938721374,39.84579782332375,1,17,0.058823529411764705,1-1-1-1-2-2-5-7-17
SO2,10,10,0.9767454478983939,0.12276850014590017,0.8522315251346946,37.6672803272625,1,14,0.07142857142857142,1-1-1-1-1-2-2-6-8-14
SO2,11,2,0.982111827796636,0.7961036467984318,0.12284880544491464,36.94262935224,1,36,0.027777777777777776,1-36
SO2,11,3,0.982111827796636,0.7188954758868941,0.14401573270691836,45.92018613600014,1,35,0.02857142857142857,1-1-35
SO2,11,4,0.982111827796636,0.41105517907764555,0.5072273985035354,43.62112158405503,1,32,0.03125,1-1-3-32
SO2,11,5,0.982111827796636,0.4264024525629646,0.44873144042548674,43.65227190063483,1,31,0.03225806451612903,1-1-1-3-31
SO2,11,6,0.982111827796636,0.15359325962163634,0.8240362297313665,44.28501301395799,1,17,0.058823529411764705,1-1-1-3-14-17
SO2,11,7,0.982111827796636,0.14630911805804966,0.8929725152065809,40.941457831724954,1,15,0.06666666666666667,1-1-1-2-3-14-15
SO2,11,8,0.982111827796636,0.1260985237745383,0.8895229040750325,38.9204500116738,1,15,0.06666666666666667,1-1-1-1-2-7-9-15
SO2,11,9,0.982111827796636,0.13070504439649466,0.8963595404394119,38.05200028372105,1,11,0.09090909090909091,1-1-1-1-2-2-7-11-11
SO2,11,10,0.982111827796636,0.1356498595866637,0.7585093235333619,36.04002117405713,1,14,0.07142857142857142,1-1-1-1-1-2-2-2-12-14
SO2,12,2,0.9859741591108802,0.7946780019738596,0.12390211353863038,36.646396481756085,1,36,0.027777777777777776,1-36
SO2,12,3,0.9859741591108802,0.7166908013799721,0.1455553281752526,45.26206887491409,1,35,0.02857142857142857,1-1-35
SO2,12,4,0.9859741591108802,0.4079827469568205,0.5141428101383969,42.85403765906013,1,32,0.03125,1-1-3-32
SO2,12,5,0.9859741591108802,0.4229669295132499,0.4551571116877902,42.65456834221001,1,31,0.03225806451612903,1-1-1-3-31
SO2,12,6,0.9859741591108802,0.15565800712170855,0.8397335665811226,43.10520071147051,1,16,0.0625,1-1-1-3-15-16
SO2,12,7,0.9859741591108802,0.11584191894843422,0.9961591836573515,39.74505866679619,1,17,0.058823529411764705,1-1-1-3-7-7-17
SO2,12,8,0.9859741591108802,0.12175537205936644,0.9015070070169343,37.7358457670919,1,15,0.06666666666666667,1-1-1-1-2-7-9-15
SO2,12,9,0.9859741591108802,0.11578082055576161,0.9373879101508259,35.75828670805983,1,12,0.08333333333333333,1-1-1-1-2-2-8-9-12
SO2,12,10,0.9859741591108802,0.1103801474760425,0.8822141891762346,34.51717484382307,1,10,0.1,1-1-1-1-1-2-3-8-9-10
SO2,13,2,0.9888217253707524,0.7936273128184258,0.12467138355809505,36.43103447226926,1,36,0.027777777777777776,1-36
SO2,13,3,0.9888217253707524,0.715071193405721,0.14667733213964051,44.78836936488069,1,35,0.02857142857142857,1-1-35
SO2,13,4,0.9888217253707524,0.40452463769040403,0.5182438707977284,42.25884047347493,1,32,0.03125,1-1-3-32
SO2,13,5,0.9888217253707524,0.41929373502794204,0.4590993753573742,41.894217604745045,1,31,0.03225806451612903,1-1-1-3-31
SO2,13,6,0.9888217253707524,0.14716737561659743,0.8437849291433662,42.134293048977185,1,17,0.058823529411764705,1-1-1-3-14-17
SO2,13,7,0.9888217253707524,0.13904673098502202,0.9170887523853013,38.75976165063659,1,15,0.06666666666666667,1-1-1-2-3-14-15
SO2,13,8,0.9888217253707524,0.11260779862308636,0.9548418774447004,37.084735117263776,1,12,0.08333333333333333,1-1-1-1-3-9-9-12
SO2,13,9,0.9888217253707524,0.11261298539312455,0.9496645647432399,34.79436381826872,1,12,0.08333333333333333,1-1-1-1-2-2-8-9-12
SO2,13,10,0.9888217253707524,0.10895038289373163,0.8906868872822582,33.682385175657735,1,10,0.1,1-1-1-1-1-2-3-8-9-10
SO2,14,2,0.9913213455218809,0.7926902480335667,0.12535205592583212,36.24407097074172,1,36,0.027777777777777776,1-36
SO2,14,3,0.9913213455218809,0.7136202953050119,0.14765482806175426,44.38117402492314,1,35,0.02857142857142857,1-1-35
SO2,14,4,0.9913213455218809,0.4017760943640885,0.5216281847559542,41.770919775056534,1,32,0.03125,1-1-3-32
SO2,14,5,0.9913213455218809,0.41636735614293846,0.46236802047412906,41.273540174501996,1,31,0.03225806451612903,1-1-1-3-31
SO2,14,6,0.9913213455218809,0.14504150073836344,0.8499214807573798,41.4348429167768,1,17,0.058823529411764705,1-1-1-3-14-17
SO2,14,7,0.9913213455218809,0.13694850858891164,0.9245933591619007,38.04382347198799,1,15,0.06666666666666667,1-1-1-2-3-14-15
SO2,14,8,0.9913213455218809,0.14846758701191645,0.6908207767078258,35.63658360876648,1,18,0.05555555555555555,1-1-1-1-1-2-12-18
SO2,14,9,0.9913213455218809,0.1274796929377163,0.8915583148536468,33.88897164079965,1,12,0.08333333333333333,1-1-1-1-2-2-5-12-12
SO2,14,10,0.9913213455218809,0.09764938132317011,0.9733014454238058,32.22285763097641,1,11,0.09090909090909091,1-1-1-1-1-2-2-6-11-11
SO2,15,2,0.9932621209020118,0.7919280682826895,0.12590777902076508,36.10023252827722,1,36,0.027777777777777776,1-36
SO2,15,3,0.9932621209020118,0.7124412765418441,0.14846390739078208,44.07036132019015,1,35,0.02857142857142857,1-1-35
SO2,15,4,0.9932621209020118,0.39991713233792453,0.5250904896591813,41.39796838240178,1,32,0.03125,1-1-3-32
SO2,15,5,0.9932621209020118,0.41433150417894427,0.4656117216301757,40.8014058168611,1,31,0.03225806451612903,1-1-1-3-31
SO2,15,6,0.9932621209020118,0.14256547131537012,0.8572962662871202,40.84580271688011,1,17,0.058823529411764705,1-1-1-3-14-17
SO2,15,7,0.9932621209020118,0.13396272820961294,0.9342803509213634,37.44610893293996,1,15,0.06666666666666667,1-1-1-2-3-14-15
SO2,15,8,0.9932621209020118,0.10234648788016602,0.9796643960154592,35.139696344493224,1,13,0.07692307692307693,1-1-1-1-3-8-9-13
SO2,15,9,0.9932621209020118,0.10372458188728631,0.863691772622412,34.166331322285586,1,12,0.08333333333333333,1-1-1-1-1-2-7-11-12
SO2,15,10,0.9932621209020118,0.0945069700805705,0.9826502707814491,31.599767110544395,1,11,0.09090909090909091,1-1-1-1-1-2-2-6-11-11
SO2,16,2,0.9950944936556412,0.7912530101640324,0.1264201306793958,35.9654500560643,1,36,0.027777777777777776,1-36
SO2,16,3,0.9950944936556412,0.7114005948161244,0.1492163935415675,43.78027201286756,1,35,0.02857142857142857,1-1-35
SO2,16,4,0.9950944936556412,0.39802338578736235,0.5265802689876288,41.06449086056618,1,32,0.03125,1-1-3-32
SO2,16,5,0.9950944936556412,0.412347695919284,0.4672799695371085,40.380348902976124,1,31,0.03225806451612903,1-1-1-3-31
SO2,16,6,0.9950944936556412,0.1405949617673601,0.8622912427865752,40.32585398911035,1,17,0.058823529411764705,1-1-1-3-14-17
SO2,16,7,0.9950944936556412,0.13227003403293827,0.9397738045469902,36.96731843675726,1,15,0.06666666666666667,1-1-1-2-3-14-15
SO2,16,8,0.9950944936556412,0.0991391487855172,0.9999995851026724,35.08723913824209,1,11,0.09090909090909091,1-1-1-1-3-9-10-11
SO2,16,9,0.9950944936556412,0.11397967559385384,0.9487110969866356,33.675254153329966,1,11,0.09090909090909091,1-1-1-1-2-2-7-11-11
SO2,16,10,0.9950944936556412,0.10229028867867022,0.9317727458964475,30.88228622577241,1,11,0.09090909090909091,1-1-1-1-1-2-6-6-7-11
SO2,17,2,0.996443975864691,0.7907381328807904,0.1268075398741758,35.86683109244781,1,36,0.027777777777777776,1-36
SO2,17,3,0.996443975864691,0.7106021826672143,0.14977476421926475,43.5691129601059,1,35,0.02857142857142857,1-1-35
SO2,17,4,0.996443975864691,0.39652138052942104,0.5296331089475639,40.802786033893604,1,32,0.03125,1-1-3-32
SO2,17,5,0.996443975864691,0.41072115184796415,0.4700446942616317,40.052107423915345,1,31,0.03225806451612903,1-1-1-3-31
SO2,17,6,0.996443975864691,0.13898823695156184,0.867607687090719,39.92122958475463,1,17,0.058823529411764705,1-1-1-3-14-17
SO2,17,7,0.996443975864691,0.13042772022982047,0.9462213666394419,36.556655807186736,1,15,0.06666666666666667,1-1-1-2-3-14-15
SO2,17,8,0.996443975864691,0.10330414099359804,0.9860938235344876,34.77122485808924,1,12,0.08333333333333333,1-1-1-1-3-9-9-12
SO2,17,9,0.996443975864691,0.1115645007569845,0.9555982614859643,33.21422261451552,1,11,0.09090909090909091,1-1-1-1-2-2-7-11-11
SO2,17,10,0.996443975864691,0.09000728745483964,0.958944891181049,30.224825899106964,1,12,0.08333333333333333,1-1-1-1-1-2-3-5-10-12
SO2,18,2,0.9974032414048651,0.7903731503521094,0.1270908047481844,35.797059287463895,1,36,0.027777777777777776,1-36
SO2,18,3,0.9974032414048651,0.7100324230378883,0.15017495451934837,43.42020440829882,1,35,0.02857142857142857,1-1-35
SO2,18,4,0.9974032414048651,0.39555852379206696,0.5308354543738297,40.624642709096236,1,32,0.03125,1-1-3-32
SO2,18,5,0.9974032414048651,0.409678656138931,0.4712301448008066,39.829298837642966,1,31,0.03225806451612903,1-1-1-3-31
SO2,18,6,0.9974032414048651,0.13815373846697793,0.8710009616784801,39.65119602386795,1,17,0.058823529411764705,1-1-1-3-14-17
SO2,18,7,0.9974032414048651,0.1293860774890901,0.9497231853405267,36.28062026989593,1,15,0.06666666666666667,1-1-1-2-3-14-15
SO2,18,8,0.9974032414048651,0.1023365274386857,0.9903948134980244,34.478000811963526,1,12,0.08333333333333333,1-1-1-1-3-9-9-12
SO2,18,9,0.9974032414048651,0.11106971715130706,0.9579040001224693,32.94096100821435,1,11,0.09090909090909091,1-1-1-1-2-2-7-11-11
SO2,18,10,0.9974032414048651,0.10622317995445832,1.0410524421982348,30.049925776321416,1,9,0.1111111111111111,1-1-1-1-2-2-3-8-9-9
SO2,19,2,0.9980780504992331,0.7901215098420047,0.1272832865805607,35.748136608285556,1,36,0.027777777777777776,1-36
SO2,19,3,0.9980780504992331,0.7096418611398292,0.1504488752441961,43.31606016236447,1,35,0.02857142857142857,1-1-35
SO2,19,4,0.9980780504992331,0.3946989084383374,0.5315285839533694,40.4960891886063,1,32,0.03125,1-1-3-32
SO2,19,5,0.9980780504992331,0.4087847533333015,0.4719405506481012,39.67089319208061,1,31,0.03225806451612903,1-1-1-3-31
SO2,19,6,0.9980780504992331,0.13746556068707366,0.8734853696045061,39.45649827698175,1,17,0.058823529411764705,1-1-1-3-14-17
SO2,19,7,0.9980780504992331,0.12838202481773298,0.9530719868091163,36.083735789690124,1,15,0.06666666666666667,1-1-1-2-3-14-15
SO2,19,8,0.9980780504992331,0.1014354659658825,0.9938667244274748,34.26531353420079,1,12,0.08333333333333333,1-1-1-1-3-9-9-12
SO2,19,9,0.9980780504992331,0.11012135006529494,0.9606896917908768,32.724947627922944,1,11,0.09090909090909091,1-1-1-1-2-2-7-11-11
SO2,19,10,0.9980780504992331,0.09385284437937104,1.0617959701667135,29.347265446855538,1,11,0.09090909090909091,1-1-1-1-2-3-3-5-9-11
SO2,20,2,0.9985426021249957,0.7899364247672632,0.12742810834128498,35.71453490446419,1,36,0.027777777777777776,1-36
SO2,20,3,0.9985426021249957,0.7093536986044281,0.15065582554830792,43.24465225433249,1,35,0.02857142857142857,1-1-35
SO2,20,4,0.9985426021249957,0.39404418309395867,0.5318932052285151,40.40914811801626,1,32,0.03125,1-1-3-32
SO2,20,5,0.9985426021249957,0.40810260610870075,0.4723583957169707,39.562479944915076,1,31,0.03225806451612903,1-1-1-3-31
SO2,20,6,0.9985426021249957,0.13703445152771865,0.8751296960066687,39.323282774969336,1,17,0.058823529411764705,1-1-1-3-14-17
SO2,20,7,0.9985426021249957,0.12791035830140732,0.9548715770737087,35.9488540809944,1,15,0.06666666666666667,1-1-1-2-3-14-15
SO2,20,8,0.9985426021249957,0.10096159475089837,0.9962407734286685,34.12045731721921,1,12,0.08333333333333333,1-1-1-1-3-9-9-12
SO2,20,9,0.9985426021249957,0.12220093939258904,0.7969305412268937,32.57910462671542,1,16,0.0625,1-1-1-1-1-2-2-12-16
SO2,20,10,0.9985426021249957,0.10435335612633055,1.0483915066053204,29.69567283740235,1,9,0.1111111111111111,1-1-1-1-2-2-3-8-9-9
SO2,21,2,0.998949180642046,0.7897764433635012,0.12755074570060618,35.685178339194486,1,36,0.027777777777777776,1-36
SO2,21,3,0.998949180642046,0.7091061618056681,0.15083361547478588,43.18234313871413,1,35,0.02857142857142857,1-1-35
SO2,21,4,0.998949180642046,0.39348533001366187,0.5322082254811225,40.33352047723585,1,32,0.03125,1-1-3-32
SO2,21,5,0.998949180642046,0.407520157945224,0.4727159400884429,39.46830921823901,1,31,0.03225806451612903,1-1-1-3-31
SO2,21,6,0.998949180642046,0.1366965642087189,0.8765567060599326,39.20805417860527,1,17,0.058823529411764705,1-1-1-3-14-17
SO2,21,7,0.998949180642046,0.12768484176595873,0.9561465331219738,35.84037201014091,1,15,0.06666666666666667,1-1-1-2-3-14-15
SO2,21,8,0.998949180642046,0.10056871583068343,0.9981192065849884,34.00019704019992,1,12,0.08333333333333333,1-1-1-1-3-9-9-12
SO2,21,9,0.998949180642046,0.1218501912648731,0.7980963068480036,32.458463572722515,1,16,0.0625,1-1-1-1-1-2-2-12-16
SO2,21,10,0.998949180642046,0.09945983007566905,1.0492553611640796,29.774247252605853,1,10,0.1,1-1-1-1-2-2-5-6-8-10
SO2,22,2,0.9992753867911256,0.7896520680947656,0.12764430657681125,35.661659905996295,1,36,0.027777777777777776,1-36
SO2,22,3,0.9992753867911256,0.7089128091944622,0.15096868251988776,43.1324821690947,1,35,0.02857142857142857,1-1-35
SO2,22,4,0.9992753867911256,0.39309955684098047,0.5327630252345944,40.272510214215316,1,32,0.03125,1-1-3-32
SO2,22,5,0.9992753867911256,0.40710932236331343,0.47324002757661293,39.39261061950814,1,31,0.03225806451612903,1-1-1-3-31
SO2,22,6,0.9992753867911256,0.13647661328436228,0.8774850643425762,39.12165346148956,1,17,0.058823529411764705,1-1-1-3-14-17
SO2,22,7,0.9992753867911256,0.1273859895142441,0.9572638647290479,35.75233274791833,1,15,0.06666666666666667,1-1-1-2-3-14-15
SO2,22,8,0.9992753867911256,0.10013627566022082,0.9996393624133768,33.90079282882434,1,12,0.08333333333333333,1-1-1-1-3-9-9-12
SO2,22,9,0.9992753867911256,0.12152747949587604,0.7992467128149482,32.360649072958765,1,16,0.0625,1-1-1-1-1-2-2-12-16
SO2,22,10,0.9992753867911256,0.09161277148932571,0.8824654850773215,28.864455641338846,1,11,0.09090909090909091,1-1-1-1-1-1-2-8-10-11
SO2,23,2,0.999481586151398,0.7895753716334121,0.12770006207762338,35.646809534698086,1,36,0.027777777777777776,1-36
SO2,23,3,0.999481586151398,0.7087940678017973,0.15104810754013007,43.10102388396136,1,35,0.02857142857142857,1-1-35
SO2,23,4,0.999481586151398,0.3928263139003002,0.5329124406397686,40.23381871202896,1,32,0.03125,1-1-3-32
SO2,23,5,0.999481586151398,0.4068267283492663,0.47340733202009105,39.34461349854849,1,31,0.03225806451612903,1-1-1-3-31
SO2,23,6,0.999481586151398,0.13629645582008218,0.8781004515281089,39.06482998659617,1,17,0.058823529411764705,1-1-1-3-14-17
SO2,23,7,0.999481586151398,0.12729831504046,0.9577968846623833,35.70134876825196,1,15,0.06666666666666667,1-1-1-2-3-14-15
SO2,23,8,0.999481586151398,0.10003532825398918,1.0004193908932342,33.843924384226796,1,12,0.08333333333333333,1-1-1-1-3-9-9-12
SO2,23,9,0.999481586151398,0.12141411194720181,0.7997827431608766,32.30186409678861,1,16,0.0625,1-1-1-1-1-2-2-12-16
SO2,23,10,0.999481586151398,0.0929566847079834,1.1223455206582422,28.97874121236679,1,9,0.1111111111111111,1-1-1-1-2-2-6-7-7-9
SO2,24,2,0.9996197066338937,0.7895200987520292,0.12774289484162582,35.63686906112039,1,36,0.027777777777777776,1-36
SO2,24,3,0.9996197066338937,0.7087082159357979,0.15111033374899693,43.07997906817825,1,35,0.02857142857142857,1-1-35
SO2,24,4,0.9996197066338937,0.3926227275222978,0.5330301570036888,40.208012692617515,1,32,0.03125,1-1-3-32
SO2,24,5,0.9996197066338937,0.40661580297061256,0.4735391922290108,39.31255012000418,1,31,0.03225806451612903,1-1-1-3-31
SO2,24,6,0.9996197066338937,0.13618731337981776,0.8785535064295087,39.02559058404636,1,17,0.058823529411764705,1-1-1-3-14-17
SO2,24,7,0.9996197066338937,0.1271807912593774,0.9583482223139045,35.661886169297816,1,15,0.06666666666666667,1-1-1-2-3-14-15
SO2,24,8,0.9996197066338937,0.09989791019814864,1.0011398074642228,33.8016325441985,1,12,0.08333333333333333,1-1-1-1-3-9-9-12
SO2,24,9,0.9996197066338937,0.12128332625217013,0.8002999146837396,32.25760766981715,1,16,0.0625,1-1-1-1-1-2-2-12-16
SO2,24,10,0.9996197066338937,0.09284317323601576,1.1232320557349151,28.93740232905303,1,9,0.1111111111111111,1-1-1-1-2-2-6-7-7-9
SO2,25,2,0.9997474923190056,0.7894665689260839,0.12778668925988637,35.62767730955423,1,36,0.027777777777777776,1-36
SO2,25,3,0.9997474923190056,0.7086248083540043,0.1511734419119616,43.06052573910995,1,35,0.02857142857142857,1-1-35
SO2,25,4,0.9997474923190056,0.39242668445215334,0.5331417383172201,40.184375291094554,1,32,0.03125,1-1-3-32
SO2,25,5,0.9997474923190056,0.4064120814878671,0.4736678265415247,39.283175835305684,1,31,0.03225806451612903,1-1-1-3-31
SO2,25,6,0.9997474923190056,0.13606993959803326,0.8790574207789685,38.98973952276658,1,17,0.058823529411764705,1-1-1-3-14-17
SO2,25,7,0.9997474923190056,0.12703202085957999,0.9588925294487213,35.62540943666239,1,15,0.06666666666666667,1-1-1-2-3-14-15
SO2,25,8,0.9997474923190056,0.09978504457021581,1.0018453051557499,33.76272969944306,1,12,0.08333333333333333,1-1-1-1-3-9-9-12
SO2,25,9,0.9997474923190056,0.12109684398121259,0.8008366817722284,32.21646733139749,1,16,0.0625,1-1-1-1-1-2-2-12-16
SO2,25,10,0.9997474923190056,0.09271875890440733,1.12411568845164,28.898512025355057,1,9,0.1111111111111111,1-1-1-1-2-2-6-7-7-9
SO2,26,2,0.9998506046113079,0.7894255845532954,0.1278176416097953,35.620263849678935,1,36,0.027777777777777776,1-36
SO2,26,3,0.9998506046113079,0.7085610114781739,0.1512180478922013,43.04484262474019,1,35,0.02857142857142857,1-1-35
SO2,26,4,0.9998506046113079,0.3922859330259554,0.53326091847617,40.16510164799584,1,32,0.03125,1-1-3-32
SO2,26,5,0.9998506046113079,0.4062644689846772,0.47379049370714243,39.259254571249535,1,31,0.03225806451612903,1-1-1-3-31
SO2,26,6,0.9998506046113079,0.13595377937991798,0.8794406479116983,38.960562909147725,1,17,0.058823529411764705,1-1-1-3-14-17
SO2,26,7,0.9998506046113079,0.12689920777435765,0.9593164681467151,35.596120833418794,1,15,0.06666666666666667,1-1-1-2-3-14-15
SO2,26,8,0.9998506046113079,0.09971543238994612,1.0022209338638879,33.733486246316524,1,12,0.08333333333333333,1-1-1-1-3-9-9-12
SO2,26,9,0.9998506046113079,0.12097692894621379,0.8012349944823299,32.18407528853176,1,16,0.0625,1-1-1-1-1-2-2-12-16
SO2,26,10,0.9998506046113079,0.09095235059907983,0.8849277275102045,28.69876169669098,1,11,0.09090909090909091,1-1-1-1-1-1-2-8-10-11
SO2,27,2,0.9999033946629107,0.7894044075517533,0.12783420575803128,35.61646957684311,1,36,0.027777777777777776,1-36
SO2,27,3,0.9999033946629107,0.7085281495575206,0.1512420346780894,43.03681757328262,1,35,0.02857142857142857,1-1-35
SO2,27,4,0.9999033946629107,0.39221785914712104,0.5333201084524393,40.15546068850014,1,32,0.03125,1-1-3-32
SO2,27,5,0.9999033946629107,0.40619280546233,0.4738518387438411,39.24727249862827,1,31,0.03225806451612903,1-1-1-3-31
SO2,27,6,0.9999033946629107,0.13594654754023378,0.8795528476858344,38.947255298033404,1,17,0.058823529411764705,1-1-1-3-14-17
SO2,27,7,0.9999033946629107,0.1268895089816936,0.9594488372730238,35.58255860429138,1,15,0.06666666666666667,1-1-1-2-3-14-15
SO2,27,8,0.9999033946629107,0.09964605717208141,1.0025040781883212,33.717714515260106,1,12,0.08333333333333333,1-1-1-1-3-9-9-12
SO2,27,9,0.9999033946629107,0.12093772862162813,0.8013818474528386,32.1686844249503,1,16,0.0625,1-1-1-1-1-2-2-12-16
SO2,27,10,0.9999033946629107,0.09203700569428758,1.0708660281349764,28.831634254429005,1,11,0.09090909090909091,1-1-1-1-2-3-3-5-9-11
SO2,28,2,0.9999384473810542,0.789390333875039,0.12784508217354146,35.61395061733349,1,36,0.027777777777777776,1-36
SO2,28,3,0.9999384473810542,0.7085063372535085,0.15125798306524055,43.031490164663595,1,35,0.02857142857142857,1-1-35
SO2,28,4,0.9999384473810542,0.3921662894822022,0.5333498529601786,40.1489451068322,1,32,0.03125,1-1-3-32
SO2,28,5,0.9999384473810542,0.4061392438856486,0.4738857518572487,39.239183596731344,1,31,0.03225806451612903,1-1-1-3-31
SO2,28,6,0.9999384473810542,0.1359096093781253,0.8796681425581463,38.93736314088925,1,17,0.058823529411764705,1-1-1-3-14-17
SO2,28,7,0.9999384473810542,0.12685385268389507,0.9596064589613666,35.5727884580043,1,15,0.06666666666666667,1-1-1-2-3-14-15
SO2,28,8,0.9999384473810542,0.09962683005886401,1.0026711149730012,33.7072833360161,1,12,0.08333333333333333,1-1-1-1-3-9-9-12
SO2,28,9,0.9999384473810542,0.12089705757869709,0.8015376557757733,32.15758753671664,1,16,0.0625,1-1-1-1-1-2-2-12-16
SO2,28,10,0.9999384473810542,0.0919947876031764,1.0710787102935835,28.82107613923023,1,11,0.09090909090909091,1-1-1-1-2-3-3-5-9-11
SO2,29,2,0.9999622944357418,0.7893811432323705,0.1278519518075333,35.612237120973575,1,36,0.027777777777777776,1-36
SO2,29,3,0.9999622944357418,0.7084920701357702,0.15126779988189035,43.02786655952032,1,35,0.02857142857142857,1-1-35
SO2,29,4,0.9999622944357418,0.3921407058882087,0.5333869702761586,40.144562127979206,1,32,0.03125,1-1-3-32
SO2,29,5,0.9999622944357418,0.40611183087207775,0.47392113152852017,39.23374164940723,1,31,0.03225806451612903,1-1-1-3-31
SO2,29,6,0.9999622944357418,0.13588456533297202,0.8797503416078225,38.93074761777755,1,17,0.058823529411764705,1-1-1-3-14-17
SO2,29,7,0.9999622944357418,0.1268296818369079,0.9597124727718904,35.56626420650065,1,15,0.06666666666666667,1-1-1-2-3-14-15
SO2,29,8,0.9999622944357418,0.09959802175330804,1.002773325405472,33.700181563525355,1,12,0.08333333333333333,1-1-1-1-3-9-9-12
SO2,29,9,0.9999622944357418,0.12087231235284925,0.8016272028087226,32.15073666125869,1,16,0.0625,1-1-1-1-1-2-2-12-16
SO2,29,10,0.9999622944357418,0.09195714170426804,1.0712029224950492,28.814572693556524,1,11,0.09090909090909091,1-1-1-1-2-3-3-5-9-11
SO2,30,2,0.9999776002153633,0.7893749199895864,0.12785692060122977,35.61113743276755,1,36,0.027777777777777776,1-36
SO2,30,3,0.9999776002153633,0.708482395731101,0.1512749639923649,43.025541147614845,1,35,0.02857142857142857,1-1-35
SO2,30,4,0.9999776002153633,0.3921181456022408,0.5334031139553271,40.14172419403014,1,32,0.03125,1-1-3-32
SO2,30,5,0.9999776002153633,0.4060883299440842,0.4739383729774856,39.230218575508516,1,31,0.03225806451612903,1-1-1-3-31
SO2,30,6,0.9999776002153633,0.1358731018871467,0.8797994763376686,38.92656488862628,1,17,0.058823529411764705,1-1-1-3-14-17
SO2,30,7,0.9999776002153633,0.12681835534182204,0.9597640882256787,35.56212795629401,1,15,0.06666666666666667,1-1-1-2-3-14-15
SO2,30,8,0.9999776002153633,0.09958188196140792,1.0028504489070946,33.695565201565124,1,12,0.08333333333333333,1-1-1-1-3-9-9-12
SO2,30,9,0.9999776002153633,0.12086454258243338,0.801670918563067,32.146266869734994,1,16,0.0625,1-1-1-1-1-2-2-12-16
SO2,30,10,0.9999776002153633,0.0924545306388401,1.1253563181227375,28.834387166400482,1,9,0.1111111111111111,1-1-1-1-2-2-6-7-7-9
SO2,31,2,0.9999888678647291,0.7893702938650732,0.12786069021196522,35.610327919098275,1,36,0.027777777777777776,1-36
SO2,31,3,0.9999888678647291,0.7084752180122944,0.15128054536613403,43.02382948739357,1,35,0.02857142857142857,1-1-35
SO2,31,4,0.9999888678647291,0.3921015582879667,0.5334170340013098,40.13962575165642,1,32,0.03125,1-1-3-32
SO2,31,5,0.9999888678647291,0.40607105943221733,0.47395312154057095,39.22761417048814,1,31,0.03225806451612903,1-1-1-3-31
SO2,31,6,0.9999888678647291,0.13586654151017352,0.879833067038367,38.92348521363809,1,17,0.058823529411764705,1-1-1-3-14-17
SO2,31,7,0.9999888678647291,0.12681277613024813,0.959800454222682,35.55922437160895,1,15,0.06666666666666667,1-1-1-2-3-14-15
SO2,31,8,0.9999888678647291,0.09957553059426659,1.0029056535803407,33.69226911732121,1,12,0.08333333333333333,1-1-1-1-3-9-9-12
SO2,31,9,0.9999888678647291,0.12085861428491758,0.801708656595609,32.143006917747854,1,16,0.0625,1-1-1-1-1-2-2-12-16
SO2,31,10,0.9999888678647291,0.09192618617397805,1.0713606064902323,28.807053284298433,1,11,0.09090909090909091,1-1-1-1-2-3-3-5-9-11
SO2,32,2,0.9999960818362665,0.7893675336555421,0.127862681590776,35.60980965746574,1,36,0.027777777777777776,1-36
SO2,32,3,0.9999960818362665,0.7084709465742636,0.1512834452647475,43.02273365221896,1,35,0.02857142857142857,1-1-35
SO2,32,4,0.9999960818362665,0.39209320747563686,0.5334279063132877,40.13828880908033,1,32,0.03125,1-1-3-32
SO2,32,5,0.9999960818362665,0.4060621693123371,0.47396352323582347,39.225954456957325,1,31,0.03225806451612903,1-1-1-3-31
SO2,32,6,0.9999960818362665,0.1358588089131783,0.8798593225710518,38.921456266013735,1,17,0.058823529411764705,1-1-1-3-14-17
SO2,32,7,0.9999960818362665,0.12680408573855745,0.9598291711252707,35.55718613364409,1,15,0.06666666666666667,1-1-1-2-3-14-15
SO2,32,8,0.9999960818362665,0.09956939912844369,1.0029283917260658,33.69024496830523,1,12,0.08333333333333333,1-1-1-1-3-9-9-12
SO2,32,9,0.9999960818362665,0.12084887164018168,0.8017372203554696,32.14072466200536,1,16,0.0625,1-1-1-1-1-2-2-12-16
SO2,32,10,0.9999960818362665,0.09244382828440258,1.1254402704885582,28.829531316168797,1,9,0.1111111111111111,1-1-1-1-2-2-6-7-7-9
SO2,33,2,0.9999985979309013,0.7893665361696833,0.12786342461884004,35.60962890130121,1,36,0.027777777777777776,1-36
SO2,33,3,0.9999985979309013,0.7084694036979412,0.1512845257964263,43.02235145313082,1,35,0.02857142857142857,1-1-35
SO2,33,4,0.9999985979309013,0.3920899794130626,0.5334317537034698,40.137821656848686,1,32,0.03125,1-1-3-32
SO2,33,5,0.9999985979309013,0.40605876880969327,0.47396724393759754,39.22537478248382,1,31,0.03225806451612903,1-1-1-3-31
SO2,33,6,0.9999985979309013,0.1358566048396316,0.8798668570591716,38.92078385970895,1,17,0.058823529411764705,1-1-1-3-14-17
SO2,33,7,0.9999985979309013,0.12680259974338567,0.9598351327743571,35.556574673975966,1,15,0.06666666666666667,1-1-1-2-3-14-15
SO2,33,8,0.9999985979309013,0.09956534177890798,1.0029400274581013,33.689485622069995,1,12,0.08333333333333333,1-1-1-1-3-9-9-12
SO2,33,9,0.9999985979309013,0.12084681724793543,0.8017440784115616,32.14003113650007,1,16,0.0625,1-1-1-1-1-2-2-12-16
SO2,33,10,0.9999985979309013,0.09243858652297417,1.125454442235662,28.828829169923765,1,9,0.1111111111111111,1-1-1-1-2-2-6-7-7-9
SO2,34,2,0.9999996146604078,0.7893661106814811,0.12786375766597496,35.60955586000398,1,36,0.027777777777777776,1-36
SO2,34,3,0.9999996146604078,0.7084687439128093,0.15128501447217288,43.022197012177216,1,35,0.02857142857142857,1-1-35
SO2,34,4,0.9999996146604078,0.39208838017300024,0.5334326756599309,40.13763210669353,1,32,0.03125,1-1-3-32
SO2,34,5,0.9999996146604078,0.406057112728746,0.47396829832040055,39.225139599771055,1,31,0.03225806451612903,1-1-1-3-31
SO2,34,6,0.9999996146604078,0.13585566092449947,0.8798705461013391,38.92049761592002,1,17,0.058823529411764705,1-1-1-3-14-17
SO2,34,7,0.9999996146604078,0.12680157744726595,0.959839403620715,35.556286228758985,1,15,0.06666666666666667,1-1-1-2-3-14-15
SO2,34,8,0.9999996146604078,0.0995641252003128,1.0029448825887644,33.689179314816535,1,12,0.08333333333333333,1-1-1-1-3-9-9-12
SO2,34,9,0.9999996146604078,0.12084559038427554,0.8017487047982464,32.13970108425304,1,16,0.0625,1-1-1-1-1-2-2-12-16
SO2,34,10,0.9999996146604078,0.09243784721843416,1.1254585005836204,28.828545677839145,1,9,0.1111111111111111,1-1-1-1-2-2-6-7-7-9
SO2,35,2,0.9999998981017796,0.7893660020736022,0.1278638446938315,35.6095354977827,1,36,0.027777777777777776,1-36
SO2,35,3,0.9999998981017796,0.7084685738421462,0.15128513617019812,43.02215395769281,1,35,0.02857142857142857,1-1-35
SO2,35,4,0.9999998981017796,0.3920881748816706,0.5334333624891059,40.1375811831036,1,32,0.03125,1-1-3-32
SO2,35,5,0.9999998981017796,0.40605687582939387,0.47396890939619213,39.22507627963921,1,31,0.03225806451612903,1-1-1-3-31
SO2,35,6,0.9999998981017796,0.135855490375618,0.8798715584962921,38.92042357862774,1,17,0.058823529411764705,1-1-1-3-14-17
SO2,35,7,0.9999998981017796,0.12680132459396373,0.9598404736827758,35.556210819033915,1,15,0.06666666666666667,1-1-1-2-3-14-15
SO2,35,8,0.9999998981017796,0.09956407173434043,1.0029456523628633,33.689106601608934,1,12,0.08333333333333333,1-1-1-1-3-9-9-12
SO2,35,9,0.9999998981017796,0.12084529894347484,0.8017498351074175,32.13961641764207,1,16,0.0625,1-1-1-1-1-2-2-12-16
SO2,35,10,0.9999998981017796,0.0924375550654543,1.1254603467521571,28.828467251732196,1,9,0.1111111111111111,1-1-1-1-2-2-6-7-7-9
SO2,36,2,1.0000000000000002,0.7893659610759114,0.12786387771197932,35.60952817749459,1,36,0.027777777777777776,1-36
SO2,36,3,1.0000000000000002,0.7084685101001963,0.15128518383499664,43.022138479485676,1,35,0.02857142857142857,1-1-35
SO2,36,4,1.0000000000000002,0.3920880355222513,0.5334335082378797,40.13756221719705,1,32,0.03125,1-1-3-32
SO2,36,5,1.0000000000000002,0.4060567292046597,0.4739690540167517,39.22505274336786,1,31,0.03225806451612903,1-1-1-3-31
SO2,36,6,1.0000000000000002,0.13585540909571356,0.8798719090057188,38.92039509118656,1,17,0.058823529411764705,1-1-1-3-14-17
SO2,36,7,1.0000000000000002,0.12680123264500753,0.9598408830270394,35.556181817198166,1,15,0.06666666666666667,1-1-1-2-3-14-15
SO2,36,8,1.0000000000000002,0.09956400961558026,1.0029461050183408,33.689076605370985,1,12,0.08333333333333333,1-1-1-1-3-9-9-12
SO2,36,9,1.0000000000000002,0.12084519732889731,0.8017502733292514,32.139583717015164,1,16,0.0625,1-1-1-1-1-2-2-12-16
SO2,36,10,1.0000000000000002,0.09243750677616215,1.1254609184882036,28.82843760057997,1,9,0.1111111111111111,1-1-1-1-2-2-6-7-7-9
