Polutan,Jumlah_PCA,K,Silhouette,Davies_Bouldin,Calinski_Harabasz,Inertia,Cumulative_Variance
CO,1,2,0.9488998864224819,0.016955115122740803,1749.4307622516956,25.45158390607277,0.5395496200775334
CO,1,3,0.5493574149409106,0.4149494969492385,1918.417840267942,11.397790057477218,0.5395496200775334
CO,1,4,0.5537297174430116,0.305469721020522,2313.5730538504467,6.1403900279700485,0.5395496200775334
CO,1,5,0.6155592644272019,0.25214399585133124,4066.5704791246,2.5477371770783663,0.5395496200775334
CO,1,6,0.6206076804870673,0.23149431527149755,6471.2155150103235,1.2420423495038493,0.5395496200775334
CO,1,7,0.5592397696156887,0.2994806671759821,9614.87617696611,0.6744457061690103,0.5395496200775334
CO,1,8,0.5371038698854685,0.33091356856666004,12101.767449139666,0.4440674879369645,0.5395496200775334
CO,1,9,0.5509849330777753,0.2809377204632911,13730.297710325081,0.3306921379501768,0.5395496200775334
CO,1,10,0.5623782415669222,0.28950620399113025,17630.9741257108,0.22075854717193494,0.5395496200775334
CO,2,2,0.8850776879599994,0.05889324374347023,76.4742268018285,586.1626816149906,0.7762641130159474
CO,2,3,0.8420287416681642,0.06237790662602181,188.55412976458285,154.40000304058816,0.7762641130159474
CO,2,4,0.6770907141202355,0.15585920543902698,257.71301190236426,76.42379118320704,0.7762641130159474
CO,2,5,0.5134233281383805,0.31678379464910555,543.0633886074816,27.102728729934128,0.7762641130159474
CO,2,6,0.46457336256309456,0.34972564824114877,835.7264397833854,13.748082542886811,0.7762641130159474
CO,2,7,0.477417294636149,0.3791324720279798,1154.1107420801397,8.053221853733275,0.7762641130159474
CO,2,8,0.43933142368746436,0.47636425199907195,1190.4403885425331,6.474528221792918,0.7762641130159474
CO,2,9,0.40133006953950334,0.45523808407358035,1194.104452350954,5.456061188220197,0.7762641130159474
CO,2,10,0.3423035632534459,0.552624562105532,1167.5355430732354,4.7847719008218546,0.7762641130159474
CO,3,2,0.8630020027085568,0.07524998392868615,61.29791641326377,731.5069761084982,0.83685889683416
CO,3,3,0.8104599279762661,0.08359495390632576,109.96708377136629,269.47910419582985,0.83685889683416
CO,3,4,0.5745171746925722,0.3513341748628113,163.8392399490435,126.6254767648276,0.83685889683416
CO,3,5,0.490037245669868,0.3823007572257082,288.9942014065911,54.213735819866834,0.83685889683416
CO,3,6,0.4640388450253382,0.43696443406321933,319.3879360417617,38.32575359639131,0.83685889683416
CO,3,7,0.4127123606514752,0.48469194525904474,390.98770771383084,25.412981358762778,0.83685889683416
CO,3,8,0.3904682939352041,0.4354599515607984,457.48973327829657,18.06220697424262,0.83685889683416
CO,3,9,0.3454998644991504,0.5093745492154443,485.46138988497285,14.406576694652102,0.83685889683416
CO,3,10,0.3906299027823801,0.4847067126525757,503.1989539795053,11.92799173761811,0.83685889683416
CO,4,2,0.8420847582153683,0.09047218032040921,54.4118073708886,824.0832371249222,0.8753522026182571
CO,4,3,0.7748784434571561,0.10724130292555502,81.98007867753267,361.575534008654,0.8753522026182571
CO,4,4,0.4757516670722948,0.4342547944606751,95.13144801612496,218.19585950384482,0.8753522026182571
CO,4,5,0.3245333005953662,0.6122997732084873,108.59485109293365,144.44699933577078,0.8753522026182571
CO,4,6,0.37041459013658884,0.5303704329426759,132.58680966276336,94.04623339175154,0.8753522026182571
CO,4,7,0.3810812818700206,0.5356849525059494,135.0144533187155,75.17874038706505,0.8753522026182571
CO,4,8,0.3170005802659571,0.6576036787336582,136.98178651343216,61.80092980206903,0.8753522026182571
CO,4,9,0.30098921038051607,0.5349460727121803,135.90185378924812,52.856378629503496,0.8753522026182571
CO,4,10,0.30760692162225794,0.5983179342784826,146.82855013324394,42.152621354702745,0.8753522026182571
CO,5,2,0.8309927822962637,0.09850776841702612,50.12403815885387,894.5837081650095,0.9046697678660789
CO,5,3,0.756193212526983,0.11946982498856555,68.60470284747466,432.072330478229,0.9046697678660789
CO,5,4,0.4375692093897056,0.5088710941779997,72.59673963505443,286.29153258103076,0.9046697678660789
CO,5,5,0.28878975946689156,0.6560014748051685,78.41526165009196,201.42097589453806,0.9046697678660789
CO,5,6,0.28088584972086883,0.6271612586444243,82.82812623099554,151.51987893860297,0.9046697678660789
CO,5,7,0.29092768957121334,0.6499896786697686,84.5311091909597,121.50697178772435,0.9046697678660789
CO,5,8,0.29224670430122607,0.5738300717864293,85.4723391884977,100.5827384238968,0.9046697678660789
CO,5,9,0.28025391459881405,0.6151652315469145,89.44300597640805,81.93255308469013,0.9046697678660789
CO,5,10,0.26448349749384265,0.6096624578790748,85.59556485672259,73.67403081305018,0.9046697678660789
CO,6,2,0.8252900546463235,0.10240141269829317,47.71857859399525,939.6872437192606,0.9234284897340822
CO,6,3,0.7469362351071855,0.1253929737572962,62.18104477488558,476.81075578271236,0.9234284897340822
CO,6,4,0.23198206868683674,0.7312659850652822,60.03616245460977,343.89949923779795,0.9234284897340822
CO,6,5,0.2664618308247004,0.7018424324361989,64.84896359432838,243.884926646602,0.9234284897340822
CO,6,6,0.2480839671138622,0.7487284213610074,64.89824600226557,193.66500560345963,0.9234284897340822
CO,6,7,0.2567396616123586,0.590513476036897,71.49204273612214,145.16840172982532,0.9234284897340822
CO,6,8,0.27839666764910126,0.6036284236115107,77.98164633268189,112.03289307415788,0.9234284897340822
CO,6,9,0.25632283949139606,0.605534230585874,78.14550579898805,95.20376212101297,0.9234284897340822
CO,6,10,0.26244272603219554,0.5410853114264854,80.10557528686148,80.16954976165982,0.9234284897340822
CO,7,2,0.818062992025059,0.10761337420033944,45.77358310028932,979.624235289877,0.9400387238045048
CO,7,3,0.7349019101981152,0.13337320249637857,57.45917100195611,516.1685619859711,0.9400387238045048
CO,7,4,0.41825360779388776,0.6151926201300066,56.49283186968639,368.46467616389486,0.9400387238045048
CO,7,5,0.23736664746946845,0.7703003538842212,55.99413599099252,282.6250369025129,0.9400387238045048
CO,7,6,0.22584613519380314,0.8202267265248735,55.44394755357298,227.3851362044471,0.9400387238045048
CO,7,7,0.23576530118728153,0.6779307268824193,59.330091498961245,175.71816533063233,0.9400387238045048
CO,7,8,0.24726235418972603,0.6485648356130765,58.323558115406065,149.9388580491713,0.9400387238045048
CO,7,9,0.2515101668699204,0.594579985411588,60.720662372555864,123.21230683858349,0.9400387238045048
CO,7,10,0.22965874947907666,0.6741249060915954,61.12416158839512,105.76948258262996,0.9400387238045048
CO,8,2,0.8132737882195963,0.11120300015069892,44.48620924437984,1007.9866852609003,0.9518389139316509
CO,8,3,0.7268499652545709,0.13882979668316145,54.46719916225005,544.5286012642777,0.9518389139316509
CO,8,4,0.40267783642911287,0.6302075383664736,52.70964610680364,395.24467654157536,0.9518389139316509
CO,8,5,0.2263046623793369,0.7943859626968302,51.3077046168467,308.78586218025634,0.9518389139316509
CO,8,6,0.2051748029511523,0.8165469889763587,49.50307477988052,254.79509168426011,0.9518389139316509
CO,8,7,0.21934147637548063,0.7081558500311027,51.212371258170755,203.61821933217942,0.9518389139316509
CO,8,8,0.20967174349034645,0.7372227107824185,52.57723348070501,167.2020425777003,0.9518389139316509
CO,8,9,0.2095788518264045,0.7954246302158257,52.51454156223685,143.0361444468408,0.9518389139316509
CO,8,10,0.20735369717715896,0.6847441373890861,50.12569021728394,129.26924310872454,0.9518389139316509
CO,9,2,0.8096816345573179,0.1139300155375189,43.40191970296014,1033.175076333645,0.9623155256763892
CO,9,3,0.7208102505235654,0.14285661882971015,52.06412834825516,569.6773594084348,0.9623155256763892
CO,9,4,0.3924593937686551,0.6480758905302744,49.68843984326083,419.48775248661946,0.9623155256763892
CO,9,5,0.22784485467630122,0.8015807153750826,49.02751748409381,324.66695958101195,0.9623155256763892
CO,9,6,0.1875939945703843,0.8878141831047301,45.36379480485664,278.2783318734554,0.9623155256763892
CO,9,7,0.20224913586001167,0.7613962855855417,47.33965701139277,221.0913264819398,0.9623155256763892
CO,9,8,0.20519171693244787,0.6765540824144833,47.120392800221346,187.03651226846475,0.9623155256763892
CO,9,9,0.20385301269020473,0.7239686178965747,47.86436664988271,157.70253710311272,0.9623155256763892
CO,9,10,0.19910859244200152,0.7203499352384208,46.147489345245326,141.2708280779525,0.9623155256763892
CO,10,2,0.806415695238201,0.1166052963485311,42.61147407107524,1052.3450020453529,0.97028864674866
CO,10,3,0.7152965365169139,0.14695814542589652,50.36970323272489,588.8440859725971,0.97028864674866
CO,10,4,0.37950679362048445,0.6569118127638114,47.5440204652716,438.4561556540639,0.97028864674866
CO,10,5,0.2155709629257064,0.832120103045756,46.33689906901225,343.56678211861004,0.97028864674866
CO,10,6,0.1768319625636594,0.8971197180536512,42.86825208586679,294.85407359428876,0.97028864674866
CO,10,7,0.19016124452366973,0.7867535290393891,43.6616774437143,239.7722723522714,0.97028864674866
CO,10,8,0.17926529571518604,0.7317931605487673,42.785020550340676,206.00846902593895,0.97028864674866
CO,10,9,0.19676826607712963,0.7982824194382228,44.11196704748451,171.54100513976476,0.97028864674866
CO,10,10,0.20103229320482455,0.7273825863615218,42.29734737431625,154.54840055956495,0.97028864674866
CO,11,2,0.8038734427203397,0.11845799893696,41.957798431150664,1068.739887224363,0.9771056586438152
CO,11,3,0.7110385200349608,0.14974944830812412,49.005332065719934,605.2384497342758,0.9771056586438152
CO,11,4,0.37021158700419904,0.6656906241935883,45.841551226407894,454.76116752093264,0.9771056586438152
CO,11,5,0.20623313480530225,0.856794570653873,44.227039852950455,359.957465045666,0.9771056586438152
CO,11,6,0.17194145554786583,0.9790123841062378,41.044038158329,308.39071010845316,0.9771056586438152
CO,11,7,0.17996584695550596,0.8159793088912473,40.9593184874859,255.6542597208262,0.9771056586438152
CO,11,8,0.16832283398298173,0.7588591513474984,39.944849208691004,220.82033357621316,0.9771056586438152
CO,11,9,0.16751190222204537,0.795449063697835,39.77699738898291,190.0498504484536,0.9771056586438152
CO,11,10,0.17897815345626564,0.8060660084790797,38.24032343573108,170.94476327523398,0.9771056586438152
CO,12,2,0.8018059747754259,0.11997743670121047,41.43794721780545,1082.1476447953855,0.9826806599909956
CO,12,3,0.7075734181066355,0.15205014728834368,47.94347496476797,618.6441179121996,0.9826806599909956
CO,12,4,0.3623521240151839,0.6710091983902609,44.5351422888807,468.11470698737946,0.9826806599909956
CO,12,5,0.20120414901421313,0.8722134155998281,42.6504403051648,373.279596076855,0.9826806599909956
CO,12,6,0.17229179018391566,0.9166932672555962,39.445791289976775,321.00990928255203,0.9826806599909956
CO,12,7,0.1648412785219847,0.8444384296702699,38.63937713572746,270.78147563012305,0.9826806599909956
CO,12,8,0.1644339095973378,0.7761489634885267,37.86668211714213,233.06632540525925,0.9826806599909956
CO,12,9,0.17702235911175337,0.7819486851775075,37.86607010705462,199.9637488905079,0.9826806599909956
CO,12,10,0.14143329303753902,0.8707005757874958,35.10395452833772,186.07100101807572,0.9826806599909956
CO,13,2,0.8000581673124612,0.12128551977189157,41.015774165233765,1093.286354576576,0.9873122498060543
CO,13,3,0.7046489055598352,0.15400520807196935,47.09963673968862,629.7424351599634,0.9873122498060543
CO,13,4,0.35748001571832955,0.6770404327587527,43.520997909594506,479.06946993027714,0.9873122498060543
CO,13,5,0.19687366866161654,0.8867591358192628,41.45261770651291,384.12299625883594,0.9873122498060543
CO,13,6,0.14901898866585278,0.9944099288526899,37.647524105879654,335.75015367592886,0.9873122498060543
CO,13,7,0.17463210874471974,0.8207223897881136,37.38830701012801,280.0873788396664,0.9873122498060543
CO,13,8,0.18230565790599948,0.8532142373078027,35.44930108037903,248.46223506635914,0.9873122498060543
CO,13,9,0.16884371854226565,0.8032808000435276,35.95746062683418,210.6243212491617,0.9873122498060543
CO,13,10,0.1602928388121875,0.8574871655426242,34.79230617637628,188.48963196650632,0.9873122498060543
CO,14,2,0.7988185658835533,0.12223862118864486,40.71160876189516,1101.4545924365675,0.9907086328666469
CO,14,3,0.7025715949452365,0.15542184509452192,46.49811873482971,637.8948425842922,0.9907086328666469
CO,14,4,0.35323395525136697,0.6828744260613276,42.793152889717355,487.2218019311728,0.9907086328666469
CO,14,5,0.19509874007343753,0.8976385578392627,40.65483639358558,391.7644269145512,0.9907086328666469
CO,14,6,0.14653509521171934,1.0339243259967947,37.01723821356831,341.81861301902177,0.9907086328666469
CO,14,7,0.17154064970899385,0.8335874016967936,36.420384155265594,287.6185615653436,0.9907086328666469
CO,14,8,0.17870876054421045,0.8650470888725494,34.443308949385155,255.81697349438775,0.9907086328666469
CO,14,9,0.16402430347376404,0.8157303178975837,34.73885881879747,218.08417339733938,0.9907086328666469
CO,14,10,0.1268554936056478,0.9941037470074889,32.79582590225773,199.68704746890683,0.9907086328666469
CO,15,2,0.7979182159677546,0.12289375548557332,40.49377769442066,1107.379726282971,0.9931723062585676
CO,15,3,0.7010698594823679,0.1564055413046415,46.07026976422212,643.8191860155332,0.9931723062585676
CO,15,4,0.35079409111159315,0.6862272381461283,42.289224828329665,493.05227176249764,0.9931723062585676
CO,15,5,0.19194653899534614,0.9063402990649981,40.05146395513176,397.6701977333639,0.9931723062585676
CO,15,6,0.12778700862202233,1.0480795454366678,35.5106693895525,355.0456627850441,0.9931723062585676
CO,15,7,0.16811475274170737,0.8434093897462684,35.686967345217454,293.53126472728155,0.9931723062585676
CO,15,8,0.15125925136668766,0.8061800136797955,34.254801468635414,257.7121515248978,0.9931723062585676
CO,15,9,0.15965013494418387,0.8273675480510946,33.83416523430395,223.924328707101,0.9931723062585676
CO,15,10,0.11156085492481488,0.9932775562640577,31.255465599510188,209.18525158677255,0.9931723062585676
CO,16,2,0.7972633456188795,0.12337599310893287,40.33203227929115,1111.8207072397986,0.9950188702889545
CO,16,3,0.6999921276977248,0.15713885075929376,45.75682183043442,648.2378381378644,0.9950188702889545
CO,16,4,0.3484044412015691,0.6878993540765386,41.91480437376685,497.4642640187926,0.9950188702889545
CO,16,5,0.19004611938973684,0.9115407060650125,39.61488575084175,402.0625643110162,0.9950188702889545
CO,16,6,0.12715217893316588,1.0551035179937003,35.099217668629606,359.2495745058245,0.9950188702889545
CO,16,7,0.17777636111900072,0.8293831377043303,35.187164612082505,297.7344142270568,0.9950188702889545
CO,16,8,0.14827359768895396,0.8221376977474375,33.7659332195328,261.52091618138974,0.9950188702889545
CO,16,9,0.1574035794566971,0.8359036663796849,33.22822148209743,228.0418436471207,0.9950188702889545
CO,16,10,0.1518531646438906,0.7874767692810944,31.08892374513101,210.59805826695285,0.9950188702889545
CO,17,2,0.7968130185948763,0.12370833933992825,40.22167109711041,1114.871348199723,0.9962873284214023
CO,17,3,0.6992436545542859,0.15764172076587413,45.5425219184027,651.288214371215,0.9962873284214023
CO,17,4,0.34701958157651885,0.69011080109402,41.6611660528983,500.4974870270201,0.9962873284214023
CO,17,5,0.18843676199017906,0.9157651585279268,39.32217445436638,405.06524520153636,0.9962873284214023
CO,17,6,0.13903434380910631,1.0393851532799199,35.24569935861691,358.4362330467692,0.9962873284214023
CO,17,7,0.17684290188619545,0.8341604414586419,34.86833548355601,300.4980012072177,0.9962873284214023
CO,17,8,0.14841050943474926,0.8166089305049034,33.35089223489417,264.752928817454,0.9962873284214023
CO,17,9,0.15528816993505706,0.8421798412309993,32.81480792813019,230.93192737200195,0.9962873284214023
CO,17,10,0.14964399952160334,0.7936869372214505,30.674337054477327,213.462645543149,0.9962873284214023
CO,18,2,0.7964019638232371,0.12400397010666434,40.11686887026252,1117.7838778700448,0.9974983662519469
CO,18,3,0.6985488983580243,0.15807727566719562,45.33977774853157,654.2006111847508,0.9974983662519469
CO,18,4,0.3455732473423318,0.6913632100072651,41.42108355852246,503.4008739963381,0.9974983662519469
CO,18,5,0.18741037517487866,0.9197013500888211,39.04249431725702,407.96877047497776,0.9974983662519469
CO,18,6,0.13769433724743,1.0429835111600259,34.968732588886866,361.2862773239178,0.9974983662519469
CO,18,7,0.16015491046901104,0.894504903844126,33.59287984596058,310.80649855766455,0.9974983662519469
CO,18,8,0.14707063394799616,0.8208905023450306,33.0144641913843,267.4747765758847,0.9974983662519469
CO,18,9,0.15372072137296022,0.8464588847302229,32.441995276444956,233.61091762839567,0.9974983662519469
CO,18,10,0.14882398003463387,0.796986333911584,30.360491018302277,215.73275730742097,0.9974983662519469
CO,19,2,0.7961471475737634,0.12419028820179266,40.05358543281252,1119.5499453569398,0.9982326993780527
CO,19,3,0.6981270553137147,0.1583594627340616,45.217774112925525,655.9659919687325,0.9982326993780527
CO,19,4,0.3447479735140456,0.6922331076604482,41.27771918172863,505.15298822134235,0.9982326993780527
CO,19,5,0.18669822331363237,0.9218332700152192,38.87799876606315,409.7017287763942,0.9982326993780527
CO,19,6,0.13518445350669295,0.8675466425627306,33.90983898324203,371.09717111168135,0.9982326993780527
CO,19,7,0.15970736065590388,0.8968626620419089,33.41472971777629,312.4777474216198,0.9982326993780527
CO,19,8,0.14646302685181609,0.8234421463257124,32.8041550893402,269.19532058729044,0.9982326993780527
CO,19,9,0.15289384167718506,0.8496940564474793,32.20462328756337,235.3371348954007,0.9982326993780527
CO,19,10,0.1484498864194046,0.7993358109897987,30.15682862201631,217.21766602341236,0.9982326993780527
CO,20,2,0.7959099115177569,0.12436825346703576,39.99737066092332,1121.1234299397124,0.9988869549371457
CO,20,3,0.6977302368667395,0.1586292437601539,45.10976969550547,657.5373464242705,0.9988869549371457
CO,20,4,0.34388892376072827,0.6930316199210403,41.14982356488645,506.7237544913783,0.9988869549371457
CO,20,5,0.18593886320158273,0.9238427404601783,38.732645793190294,411.2453871762415,0.9988869549371457
CO,20,6,0.1803891891546153,0.8365105026759477,34.974551837835925,361.7380814180739,0.9988869549371457
CO,20,7,0.1629524777646826,0.8754204223444616,33.34598677029043,313.24309646988934,0.9988869549371457
CO,20,8,0.1438393815268162,0.8364524174064909,32.67832909207662,270.29225677531656,0.9988869549371457
CO,20,9,0.15191172701546934,0.8526467223194528,32.01550933256037,236.74532904628555,0.9988869549371457
CO,20,10,0.1473011073939071,0.8021338088073883,29.976767012533735,218.54687505092002,0.9988869549371457
CO,21,2,0.7957159516200993,0.1245229006101632,39.9543419903836,1122.330819608694,0.9993889881710425
CO,21,3,0.6974047265127066,0.15886105066692668,45.027089792886066,658.7447342412536,0.9993889881710425
CO,21,4,0.34313879565595756,0.6935610009043318,41.05202636945341,507.9309591985551,0.9993889881710425
CO,21,5,0.18522691515371267,0.9255388327123342,38.61927560010473,412.4526579380757,0.9993889881710425
CO,21,6,0.17971590999372433,0.8381567662012294,34.85887556179869,362.93953496581355,0.9993889881710425
CO,21,7,0.1621512254691891,0.8776091139015288,33.21836803631941,314.4470368629102,0.9993889881710425
CO,21,8,0.1452983914286341,0.827825855108586,32.49823483464465,271.7572820887534,0.9993889881710425
CO,21,9,0.15105782286573977,0.8554808996223489,31.855410710819875,237.93689958055865,0.9993889881710425
CO,21,10,0.14652045023155302,0.8048433786876016,29.823714569382176,219.67628113547164,0.9993889881710425
CO,22,2,0.7956400644913945,0.12457885316695666,39.93648678161913,1122.8326027987878,0.9995976299091454
CO,22,3,0.6972774038890345,0.15894544852697312,44.992818118799725,659.2465117574931,0.9995976299091454
CO,22,4,0.3428575257051777,0.6937964391763471,41.01151210492064,508.4327340051443,0.9995976299091454
CO,22,5,0.18496159567313147,0.9262321467726959,38.573241190074846,412.9465312702034,0.9995976299091454
CO,22,6,0.17945276043637276,0.838848082501973,34.81144982957139,363.435097308557,0.9995976299091454
CO,22,7,0.135913064370717,0.9769354019819044,32.994435855386975,316.36636336457735,0.9995976299091454
CO,22,8,0.14503583021417182,0.8286647009065728,32.441346065544415,272.2366899367996,0.9995976299091454
CO,22,9,0.15065278993632833,0.856533902582955,31.791555346982094,238.41717847325646,0.9995976299091454
CO,22,10,0.14609211036379685,0.805911004012081,29.759121940793417,220.15537879278747,0.9995976299091454
CO,23,2,0.7955876014219405,0.12461916100499887,39.92461852118535,1123.1663837465696,0.9997364162522238
CO,23,3,0.6971894701924838,0.15900571635283858,44.970050541522056,659.5802814633023,0.9997364162522238
CO,23,4,0.34271418997161207,0.6939727592671958,40.985390717662575,508.75883641221924,0.9997364162522238
CO,23,5,0.18485278140118266,0.9266155477834687,38.54361199984596,413.26677974104064,0.9997364162522238
CO,23,6,0.15413083419155155,0.9834609897629621,35.12394780859223,360.7368243659767,0.9997364162522238
CO,23,7,0.1569826880063514,0.9188288449023255,32.88107251297489,317.3571815136787,0.9997364162522238
CO,23,8,0.14490452090912498,0.8291549738645121,32.40432392964641,272.5503007554041,0.9997364162522238
CO,23,9,0.1504577165833932,0.857186769304602,31.750796648473504,238.72598874066904,0.9997364162522238
CO,23,10,0.14589267594886204,0.8065627828742432,29.718365212372643,220.46022765624377,0.9997364162522238
CO,24,2,0.7955491157600324,0.12464771808583058,39.91489999255848,1123.4398536708545,0.9998501251607549
CO,24,3,0.6971262208419194,0.1590493593652431,44.95142134899752,659.8536640008662,0.9998501251607549
CO,24,4,0.3426449859075738,0.6942058385238128,40.964578056828906,509.0204914624865,0.9998501251607549
CO,24,5,0.18468686756324404,0.9270322289072037,38.518993230802984,413.5325180544729,0.9998501251607549
CO,24,6,0.15396417672470308,0.9839523874189678,35.098290755746895,361.001991691324,0.9998501251607549
CO,24,7,0.1568139514150557,0.9192556356140397,32.853870518712306,317.6213578771201,0.9998501251607549
CO,24,8,0.1447433791834551,0.8295731939232527,32.37389611714021,272.80843039291585,0.9998501251607549
CO,24,9,0.1502726184437001,0.857713574852793,31.71669360478705,238.98434427122447,0.9998501251607549
CO,24,10,0.14569584491008153,0.807056455598427,29.684955350930778,220.7106779122285,0.9998501251607549
CO,25,2,0.7955282025734702,0.12466309612326322,39.910065132361794,1123.575951545225,0.9999067147182432
CO,25,3,0.6970913880585164,0.15907255760367336,44.942152655617946,659.9897529965422,0.9999067147182432
CO,25,4,0.34259327294901015,0.6942710601366309,40.95402770835725,509.1526740979897,0.9999067147182432
CO,25,5,0.1846230140373121,0.9272005600664995,38.50646441961155,413.66733488057537,0.9999067147182432
CO,25,6,0.1538875655742207,0.984168951967023,35.08529976259385,361.1360244178835,0.9999067147182432
CO,25,7,0.16145316263852266,0.8796490965230611,33.09262814507279,315.6484293678788,0.9999067147182432
CO,25,8,0.14466998659445734,0.8297910631862442,32.35850368195002,272.93891923154206,0.9999067147182432
CO,25,9,0.15017398137826835,0.8579686610733697,31.69964400810946,239.11363334247747,0.9999067147182432
CO,25,10,0.14559961315762515,0.807297720567757,29.668511381827226,220.83427256208861,0.9999067147182432
CO,26,2,0.7955115051036572,0.12467554131575515,39.90607494325036,1123.688297375445,0.9999534281682021
CO,26,3,0.6970638173988598,0.15909167340685582,44.934503960315645,660.1020965123529,0.9999534281682021
CO,26,4,0.3425610058485606,0.6943801198297865,40.94512582937705,509.26371858414365,0.9999534281682021
CO,26,5,0.18456324439641045,0.9273525282584885,38.49616177116066,413.778325459314,0.9999534281682021
CO,26,6,0.15385767997153718,0.98433599897719,35.075177728972925,361.2414624916285,0.9999534281682021
CO,26,7,0.16139571785462611,0.8798302116785685,33.081026753221906,315.7593426155531,0.9999534281682021
CO,26,8,0.1446450297970383,0.8299372201096475,32.346613694014714,273.0406108474241,0.9999534281682021
CO,26,9,0.15012439854468135,0.8581495346320281,31.68627114574614,239.21568576394705,0.9999534281682021
CO,26,10,0.14554605240828453,0.8074658597518898,29.65540623881319,220.933217963109,0.9999534281682021
CO,27,2,0.7955031824805485,0.12468185449144492,39.90420893123385,1123.7408436124733,0.9999752769172512
CO,27,3,0.697050008758804,0.15910140372397877,44.93092736401949,660.1546422266971,0.9999752769172512
CO,27,4,0.34254655228303876,0.6944226127765207,40.94104443291756,509.3148634123439,0.9999752769172512
CO,27,5,0.18453409909763419,0.9274245225630804,38.49132404141683,413.8304237312833,0.9999752769172512
CO,27,6,0.15383842540144335,0.9844269210991645,35.07022288129759,361.2927266469934,0.9999752769172512
CO,27,7,0.16136633136351655,0.8799146360673948,33.07563379421486,315.81096640227076,0.9999752769172512
CO,27,8,0.1425033526145523,0.8409779946131137,32.37986861648349,272.79796048142515,0.9999752769172512
CO,27,9,0.15009248093385893,0.8582627247655269,31.679604126591684,239.26624822615537,0.9999752769172512
CO,27,10,0.14551133386238177,0.8075822486917577,29.64864917139703,220.98377133712364,0.9999752769172512
CO,28,2,0.7954971794536764,0.12468661878102345,39.90289174730066,1123.7779380020925,0.9999907007802248
CO,28,3,0.6970400079663374,0.15910869165835725,44.928402817230925,660.1917366101327,0.9999907007802248
CO,28,4,0.34252728213177003,0.6944407282297855,40.93810943541019,509.351500790374,0.9999907007802248
CO,28,5,0.18451268818924388,0.9274715961660732,38.487877733060984,413.86748591727326,0.9999907007802248
CO,28,6,0.15382251726454071,0.9844924069042958,35.066632805584725,361.32973120394774,0.9999907007802248
CO,28,7,0.1613488069431408,0.8799715314344948,33.07193018148552,315.84655990806436,0.9999907007802248
CO,28,8,0.14250051186215834,0.8410397883432692,32.37579787931444,272.83257746162457,0.9999907007802248
CO,28,9,0.1500700570835452,0.8583483459838661,31.675029013861113,239.3010598655247,0.9999907007802248
CO,28,10,0.1454852440977114,0.8076635694719444,29.644096275062957,221.01800109077803,0.9999907007802248
CO,29,2,0.7954953047168198,0.12468803011277342,39.90243283753722,1123.7908623436135,0.999996074726825
CO,29,3,0.6970369237029362,0.15911085986697374,44.92752328692222,660.2046609514623,0.999996074726825
CO,29,4,0.34252182304003614,0.6944534824330658,40.9370722594297,509.3644097756207,0.999996074726825
CO,29,5,0.1845057796579098,0.9274899682352199,38.486703521057144,413.880164013544,0.999996074726825
CO,29,6,0.15381765751471765,0.9845133176848608,35.065412051528256,361.34236225806626,0.999996074726825
CO,29,7,0.16134300134307072,0.8799892395949344,33.0706279706772,315.8590608973393,0.999996074726825
CO,29,8,0.14249443375154777,0.8410621880303945,32.374323478285156,272.84505948586866,0.999996074726825
CO,29,9,0.1500609067351819,0.8583737515357568,31.673390588679453,239.31349290284834,0.999996074726825
CO,29,10,0.14547578449534498,0.807686899024396,29.642494574918715,221.03003379826748,0.999996074726825
CO,30,2,0.7954943759578508,0.12468875289256134,39.90221795758264,1123.7969141408066,0.9999985910666281
CO,30,3,0.6970353743387138,0.15911194481559107,44.927111461736786,660.2107127347755,0.9999985910666281
CO,30,4,0.3425185677768213,0.6944574993764246,40.936585937927426,509.3704610904846,0.9999985910666281
CO,30,5,0.184502303515602,0.9274985278492119,38.48614701028335,413.8861602762175,0.9999985910666281
CO,30,6,0.15381369256777697,0.9845240213032991,35.06483264984899,361.34834516162937,0.9999985910666281
CO,30,7,0.1613392314311193,0.8799991820954552,33.07000053746899,315.86506140815686,0.9999985910666281
CO,30,8,0.14249139525101864,0.8410724914310777,32.373641054662784,272.85084502543674,0.9999985910666281
CO,30,9,0.1500568597468591,0.8583865637695713,31.67261513971855,239.31937124566917,0.9999985910666281
CO,30,10,0.14547162138293426,0.8076994712364698,29.641719414296222,221.03583892047516,0.9999985910666281
CO,31,2,0.7954940458231791,0.12468900351644081,39.902143058429004,1123.7990235874254,0.9999994681754452
CO,31,3,0.6970348194445082,0.15911231734250775,44.926967915486806,660.2128221770813,0.9999994681754452
CO,31,4,0.3425173823658489,0.6944584417237727,40.93641806598773,509.37255428299045,0.9999994681754452
CO,31,5,0.18450137961479832,0.9275015816660105,38.485952769681816,413.8882527162898,0.9999994681754452
CO,31,6,0.15381298186318645,0.9845272300911107,35.06464239293492,361.35032815689783,0.9999994681754452
CO,31,7,0.16133808248694648,0.8800025888044402,33.069784565417244,315.86713037859676,0.9999994681754452
CO,31,8,0.1424901337156654,0.8410756725362942,32.3733959741115,272.85291559854903,0.9999994681754452
CO,31,9,0.15005547849753698,0.8583901350913288,31.67235653715453,239.32134073743234,0.9999994681754452
CO,31,10,0.14547023441514956,0.8077031818009626,29.6414580541422,221.03780262874196,0.9999994681754452
CO,32,2,0.7954938951406814,0.12468909533716456,39.90210938800672,1123.7999718778356,0.9999998624749922
CO,32,3,0.697034566052432,0.1591124971815522,44.92690338535619,660.2137704653601,0.9999998624749922
CO,32,4,0.34251686758671107,0.6944588779738895,40.936342633445506,509.3734949433978,0.9999998624749922
CO,32,5,0.18450098168642864,0.9275029380442685,38.48586505165275,413.8891969126603,0.9999998624749922
CO,32,6,0.15381256805721796,0.9845288737109089,35.064552785966676,361.35125531847706,0.9999998624749922
CO,32,7,0.16133760884590445,0.8800041913460737,33.06968584798535,315.86807399142623,0.9999998624749922
CO,32,8,0.14248967196459258,0.8410771956491583,32.37328665181001,272.85384005378694,0.9999998624749922
CO,32,9,0.15005480296071844,0.8583920195880567,31.672236812357845,239.322249741755,0.9999998624749922
CO,32,10,0.14546947136010968,0.8077050989793471,29.641337663531672,221.0387050349957,0.9999998624749922
CO,33,2,0.7954938602719756,0.12468912161140375,39.90210136914575,1123.8001977204713,0.999999956380454
CO,33,3,0.6970345081050928,0.15911253755878665,44.92688801701643,660.2139963077169,0.999999956380454
CO,33,4,0.34251673701445584,0.6944589671322121,40.936324514485435,509.37372048086365,0.999999956380454
CO,33,5,0.18450088982290028,0.9275032384998427,38.48584409890762,413.8894223330253,0.999999956380454
CO,33,6,0.15381250872228572,0.9845291918560356,35.0645318822718,361.35147230387156,0.999999956380454
CO,33,7,0.16133751376698677,0.8800045171976756,33.069663023936975,315.8682930267609,0.999999956380454
CO,33,8,0.14248968867070674,0.8410774157937071,32.373264001906406,272.85403491969095,0.999999956380454
CO,33,9,0.1500547149655411,0.8583923977234545,31.672209649578786,239.32245703912673,0.999999956380454
CO,33,10,0.14546936073309427,0.8077054952992724,29.641310276706815,221.03891124841516,0.999999956380454
CO,34,2,0.7954938435162905,0.12468913433288155,39.90209772974393,1123.8003002203577,0.9999999989999494
CO,34,3,0.6970344804197799,0.15911255737379174,44.926881042005476,660.2140988075978,0.9999999989999494
CO,34,4,0.3425166728234078,0.6944590072972479,40.93631627755977,509.3738229750835,0.9999999989999494
CO,34,5,0.18450082365506215,0.9275033668251769,38.48583468960599,413.8895237490704,0.9999999989999494
CO,34,6,0.15381244412564524,0.9845293845453867,35.06452210302907,361.3515733408601,0.9999999989999494
CO,34,7,0.16133743957686258,0.8800047064872246,33.06965233775116,315.86839515342774,0.9999999989999494
CO,34,8,0.14248964874556405,0.8410776172695743,32.373252340418254,272.8541336850448,0.9999999989999494
CO,34,9,0.15005465700062987,0.8583926553973442,31.672196559045805,239.32255631095106,0.9999999989999494
CO,34,10,0.14546929707294806,0.8077057557756536,29.641297082702465,221.03901001556918,0.9999999989999494
CO,35,2,0.795493843142769,0.12468913461700737,39.90209764607754,1123.800302576733,0.9999999999797312
CO,35,3,0.6970344797906268,0.15911255779554911,44.9268808816566,660.214101163973,0.9999999999797312
CO,35,4,0.3425166713724214,0.6944590082506887,40.93631608830726,509.3738253302833,0.9999999999797312
CO,35,5,0.1845008225057656,0.9275033699960717,38.485834472063736,413.8895260914928,0.9999999999797312
CO,35,6,0.1538124431233885,0.9845293883406777,35.06452189155687,361.35157554675834,0.9999999999797312
CO,35,7,0.1613374383967904,0.8800047102608124,33.06965209505065,315.86839747662464,0.9999999999797312
CO,35,8,0.14248964728043456,0.8410776214684899,32.37325207012648,272.8541359720452,0.9999999999797312
CO,35,9,0.15005465592097386,0.8583926596274678,31.67219627627233,239.32255846951355,0.9999999999797312
CO,35,10,0.14546929589639304,0.8077057601919252,29.641296796654753,221.0390121691854,0.9999999999797312
CO,36,2,0.7954938431353851,0.12468913462228236,39.90209764434673,1123.8003026254792,1.0
CO,36,3,0.6970344797783186,0.15911255780357056,44.92688087833945,660.2141012127196,1.0
CO,36,4,0.3425166713452602,0.6944590082686523,40.93631608439725,509.3738253789558,1.0
CO,36,5,0.1845008224840485,0.9275033700606399,38.48583446754503,413.8895261401144,1.0
CO,36,6,0.15381244310341577,0.9845293884169285,35.064521886828985,361.35157559548446,1.0
CO,36,7,0.16133743836887787,0.8800047103337387,33.06965208997899,315.8683975251071,1.0
CO,36,8,0.14248964725934574,0.8410776215440864,32.37325206452859,272.8541360194039,1.0
CO,36,9,0.15005465588442,0.8583926597277622,31.67219626993946,239.32255851745515,1.0
CO,36,10,0.14546929585610843,0.8077057602908623,29.641296790271515,221.03901221689142,1.0
