date,NO2,CO,SO2
2025-08-31,3.774e-05,0.02549803,0.00027628
2025-09-01,3.116e-05,0.02842947,-0.00016491
2025-09-02,,0.02262214,
2025-09-03,2.038e-05,0.02528949,-0.000108
2025-09-04,5.897e-05,0.0282702,5.221e-05
2025-09-05,4.967e-05,0.03251665,0.00010882
2025-09-06,,0.02975969,0.00027038
2025-09-07,,,
2025-09-08,5.472e-05,0.02858585,-0.00035713
2025-09-09,,0.03047389,
2025-09-10,2.993e-05,0.02498419,0.00011918
2025-09-11,2.349e-05,,-0.00053642
2025-09-12,4.967e-05,0.03171649,8.496e-05
2025-09-13,3.09e-05,0.03326854,3.677e-05
2025-09-14,6.465e-05,,-0.0001278
2025-09-15,7.201e-05,0.02950597,-5.247e-05
2025-09-16,2.282e-05,0.02818591,-0.00013829
2025-09-17,,,
2025-09-18,,0.02886812,3.054e-05
2025-09-19,,0.03154897,
2025-09-20,2.041e-05,0.02773853,
2025-09-21,3.053e-05,0.02862782,-0.00021734
2025-09-22,9.527e-05,0.03378217,0.00034319
2025-09-23,3.052e-05,0.03552245,-0.00011449
2025-09-24,4.164e-05,0.03359668,-9.799e-05
2025-09-25,5.477e-05,0.03148825,6.919e-05
2025-09-26,0.00011438,,-2.152e-05
2025-09-27,2.517e-05,0.03618126,0.00071178
2025-09-28,,0.02977683,
2025-09-29,4.301e-05,0.03434645,-6.647e-05
2025-09-30,,,
2025-10-01,,,
2025-10-02,2.454e-05,,0.00022196
2025-10-03,3.001e-05,0.03482898,-0.00012529
2025-10-04,7.288e-05,0.03846545,0.00017783
2025-10-05,2.841e-05,0.03554278,-0.00025934
2025-10-06,3.211e-05,0.0321794,0.00010481
2025-10-07,5.675e-05,0.04039627,0.00031246
2025-10-08,3.709e-05,0.03794481,6.798e-05
2025-10-09,4.835e-05,0.04083817,-3.451e-05
2025-10-10,4.479e-05,0.03765668,7.254e-05
2025-10-11,,,-4.886e-05
2025-10-12,3.572e-05,,-0.00036785
2025-10-13,,,
2025-10-14,2.409e-05,0.02819598,-1.698e-05
2025-10-15,3.853e-05,0.03186381,-0.00024414
2025-10-16,7.325e-05,0.02871562,0.00015704
2025-10-17,4.823e-05,0.03084196,0.00012337
2025-10-18,,,-7.724e-05
2025-10-19,3.069e-05,0.03441524,0.00013261
2025-10-20,,,
2025-10-21,,,
2025-10-22,,,
2025-10-23,,,-0.00013771
2025-10-24,,,-1.819e-05
2025-10-25,,,
2025-10-26,5.052e-05,0.03277868,-0.0003184
2025-10-27,,,
2025-10-28,3.48e-05,0.02410288,0.00018941
2025-10-29,,,
2025-10-30,4.42e-05,,0.00012846
2025-10-31,,,
2025-11-01,,,-0.00021187
2025-11-02,,,
2025-11-03,,,0.00069006
2025-11-04,1.663e-05,0.03207133,1.148e-05
2025-11-05,2.485e-05,0.03248169,-1.869e-05
2025-11-06,,,
2025-11-07,2.278e-05,0.02676282,0.00073206
2025-11-08,,,
2025-11-09,,,
2025-11-10,,,
2025-11-11,3.66e-05,,-1.646e-05
2025-11-12,,,
2025-11-13,,,
2025-11-14,,,
2025-11-15,,,
2025-11-16,,,
2025-11-17,,,
2025-11-18,,,
2025-11-19,,,
2025-11-20,2.441e-05,0.0321944,-5.863e-05
2025-11-21,2.907e-05,0.02646896,-2.511e-05
2025-11-22,,,
2025-11-23,,,
2025-11-24,,,
2025-11-25,,0.0267265,
2025-11-26,,0.02683608,
2025-11-27,,,
2025-11-28,,0.02803994,
2025-11-29,,0.02929981,
2025-11-30,,,
2025-12-01,,,
2025-12-02,2.941e-05,0.02593822,
2025-12-03,1.813e-05,0.03738816,-0.0001204
2025-12-04,,,
2025-12-05,1.977e-05,,0.00046655
2025-12-06,,,
2025-12-07,2.601e-05,,0.00017239
2025-12-08,2.281e-05,0.02787112,-0.00019447
2025-12-09,,,
2025-12-10,,,-0.00019369
2025-12-11,2.203e-05,0.02974561,-6.253e-05
2025-12-12,2.53e-06,,-0.0001916
2025-12-13,,,0.00030569
2025-12-14,,0.02694196,
2025-12-15,2.587e-05,0.02706796,-0.00017391
2025-12-16,,,
2025-12-17,8.31e-06,0.02801143,4.3e-05
2025-12-18,2.864e-05,0.02469165,1.858e-05
2025-12-19,,,
2025-12-20,,,
2025-12-21,,,-4.578e-05
2025-12-22,2.316e-05,,-4.037e-05
2025-12-23,1.566e-05,0.02700916,0.00023755
2025-12-24,2.057e-05,0.02804017,0.00014931
2025-12-25,1.56e-05,0.03091865,3.732e-05
2025-12-26,,,8.956e-05
2025-12-27,,,
2025-12-28,2.297e-05,,1.463e-05
2025-12-29,2.571e-05,,0.00044191
2025-12-30,,,-1.455e-05
2025-12-31,,,
2026-01-01,,,
2026-01-02,,,
2026-01-03,,,
2026-01-04,2.334e-05,,-7.284e-05
2026-01-05,,,
2026-01-06,,,
2026-01-07,,,
2026-01-08,1.602e-05,,7.369e-05
2026-01-09,,,0.00017577
2026-01-10,,,
2026-01-11,,,
2026-01-12,,0.02589675,
2026-01-13,3.407e-05,,0.0001244
2026-01-14,,,0.0002175
2026-01-15,,,
2026-01-16,,,
2026-01-17,,,-0.0005349
2026-01-18,,,
2026-01-19,,0.02405855,
2026-01-20,,,
2026-01-21,,0.02630022,
2026-01-22,,,
2026-01-23,,,
2026-01-24,1.273e-05,,-4.988e-05
2026-01-25,3.164e-05,0.03441635,0.00014554
2026-01-26,,,
2026-01-27,,,
2026-01-28,,,
2026-01-29,1.181e-05,0.03081587,5.08e-06
2026-01-30,2.441e-05,0.03105091,0.00024008
2026-01-31,4.799e-05,0.03370157,7.622e-05
2026-02-01,,0.03166995,
2026-02-02,,,0.00011596
2026-02-03,1.998e-05,0.02918265,3.276e-05
2026-02-04,3.187e-05,0.03036183,2.007e-05
2026-02-05,,,
2026-02-06,,0.03292917,
2026-02-07,,,
2026-02-08,,,-0.00021951
2026-02-09,,,
2026-02-10,,,2.13e-05
2026-02-11,,,
2026-02-12,,,
2026-02-13,,,
2026-02-14,,,-1.186e-05
2026-02-15,2.456e-05,0.03202993,5.248e-05
2026-02-16,6.324e-05,,4.909e-05
2026-02-17,,,
2026-02-18,,,
2026-02-19,,,
2026-02-20,,,
2026-02-21,,,
2026-02-22,,,
2026-02-23,,,-0.00018217
2026-02-24,,,
2026-02-25,,,
2026-02-26,,,
2026-02-27,2.336e-05,,3.654e-05
2026-02-28,,0.02511532,1.244e-05
2026-03-01,,,-8.999e-05
2026-03-02,,,
2026-03-03,,,
2026-03-04,,,0.00021255
2026-03-05,,0.02318654,5.857e-05
2026-03-06,,,-0.00045134
2026-03-07,3.23e-05,0.0214082,-9.266e-05
2026-03-08,,,
2026-03-09,2.207e-05,0.03136945,0.00014326
2026-03-10,,,-0.00052811
2026-03-11,3.4e-06,,-2.951e-05
2026-03-12,2.261e-05,0.02320459,7.555e-05
2026-03-13,1.107e-05,0.02626711,1.059e-05
2026-03-14,5.117e-05,0.03008441,-7.533e-05
2026-03-15,4.971e-05,0.03061337,-8.455e-05
2026-03-16,1.865e-05,0.02966105,4.672e-05
2026-03-17,1.957e-05,0.02877192,-0.00014583
2026-03-18,2.254e-05,,0.00012402
2026-03-19,2.672e-05,0.01644243,0.00046646
2026-03-20,,,
2026-03-21,,,
2026-03-22,,,
2026-03-23,1.969e-05,0.02208676,4.49e-06
2026-03-24,,,-0.00017672
2026-03-25,,0.02881823,-0.00017352
2026-03-26,,,1.195e-05
2026-03-27,2.826e-05,,3.002e-05
2026-03-28,,,-0.00041072
2026-03-29,3.791e-05,0.02825809,0.00044746
2026-03-30,,,
2026-03-31,,,9.461e-05
2026-04-01,4.626e-05,0.02426239,-4.094e-05
2026-04-02,,,
2026-04-03,1.432e-05,0.02856166,-2.216e-05
2026-04-04,,,
2026-04-05,2.355e-05,0.02906406,6.783e-05
2026-04-06,1.971e-05,0.02557433,8.338e-05
2026-04-07,1.71e-05,,-1.231e-05
2026-04-08,2.166e-05,0.02601441,0.00015496
2026-04-09,,,2.202e-05
2026-04-10,,,
2026-04-11,,,0.00041721
2026-04-12,,,0.00040157
2026-04-13,8.199e-05,0.02778515,0.00018597
2026-04-14,9.173e-05,0.02310382,-8.299e-05
2026-04-15,3.339e-05,0.03000428,0.00026763
2026-04-16,,0.02497323,0.00035967
2026-04-17,4.48e-05,0.0260173,0.00035517
2026-04-18,6.31e-05,0.024114,-3.301e-05
2026-04-19,3.345e-05,0.02671241,-7.665e-05
2026-04-20,6.566e-05,0.03585678,0.00028367
2026-04-21,2.026e-05,0.02927063,0.00023905
2026-04-22,,,
2026-04-23,1.7e-07,,0.00030178
2026-04-24,1.513e-05,0.03015605,-8.013e-05
2026-04-25,4.581e-05,0.02882487,-0.00015908
2026-04-26,2.915e-05,0.03875465,5.279e-05
2026-04-27,,,-0.00015707
2026-04-28,2.399e-05,,6.304e-05
2026-04-29,,,
2026-04-30,,,7.885e-05
2026-05-01,2.202e-05,0.02789029,0.00049334
2026-05-02,,0.02375771,
2026-05-03,,,-4.2e-05
2026-05-04,5.473e-05,,5.898e-05
2026-05-05,0.00011149,,
2026-05-06,6.081e-05,0.02495478,0.00014855
2026-05-07,4.803e-05,0.02979556,7.211e-05
2026-05-08,6.427e-05,0.02746468,0.00022857
2026-05-09,,,0.00092589
2026-05-10,2.868e-05,0.03062762,0.00013178
2026-05-11,8.78e-06,0.02834367,0.00014729
2026-05-12,0.00012091,0.03264802,-0.00014729
2026-05-13,0.00010067,0.03346654,0.00033872
2026-05-14,,,
2026-05-15,4.788e-05,0.02891203,4.112e-05
2026-05-16,6.805e-05,0.02689587,4.347e-05
2026-05-17,2.828e-05,0.03293608,0.00032115
2026-05-18,2.099e-05,0.02243815,0.00036397
2026-05-19,,0.02634568,0.00025247
2026-05-20,2.164e-05,,0.00014287
2026-05-21,,0.02646773,-1.658e-05
2026-05-22,0.00010339,,-0.0004771
2026-05-23,4.767e-05,0.02787762,0.0001929
2026-05-24,2.789e-05,0.03420106,0.00088503
2026-05-25,4.352e-05,0.03020107,0.00018851
2026-05-26,1.511e-05,0.02877979,4.856e-05
2026-05-27,2.377e-05,0.02685238,-0.00014931
2026-05-28,3.104e-05,,-9.7e-05
2026-05-29,2.494e-05,0.02854532,6.72e-06
2026-05-30,,0.02473066,0.00035105
2026-05-31,4.036e-05,0.03106438,-0.00014917
2026-06-01,6.4e-05,0.03151977,0.00024932
2026-06-02,5.434e-05,0.02813653,-0.0001214
2026-06-03,0.00010102,0.02878946,1.118e-05
2026-06-04,7.014e-05,0.02939183,5.867e-05
2026-06-05,4.968e-05,0.02544526,2.621e-05
2026-06-06,5.008e-05,0.02297411,-6.348e-05
2026-06-07,5.201e-05,0.02266902,0.00028893
2026-06-08,5.423e-05,0.03175973,9.846e-05
2026-06-09,9.736e-05,,0.0002369
2026-06-10,4.416e-05,0.03401703,-0.00015716
2026-06-11,8.967e-05,0.03270487,-0.00019471
2026-06-12,,,
2026-06-13,4.741e-05,0.02547024,0.00024348
2026-06-14,,0.03122071,0.00010259
2026-06-15,4.876e-05,0.02855543,0.00016422
2026-06-16,5.939e-05,0.03071015,1.175e-05
2026-06-17,8.055e-05,0.02719723,1.144e-05
2026-06-18,6.57e-05,0.04270215,0.0004206
2026-06-19,0.00010498,0.02961376,0.0003467
2026-06-20,7.802e-05,0.03064793,0.00025709
2026-06-21,3.584e-05,0.02816526,0.0001904
2026-06-22,5.188e-05,0.02433898,-1.309e-05
2026-06-23,,0.03199328,2e-06
2026-06-24,4.853e-05,0.02851976,-9.589e-05
2026-06-25,8.951e-05,0.02601502,4.51e-05
2026-06-26,4.123e-05,0.03066441,-0.00028324
2026-06-27,4.886e-05,0.02687935,1.878e-05
2026-06-28,4.867e-05,0.03053801,0.00037532
2026-06-29,8.243e-05,0.02847806,5.147e-05
2026-06-30,8.761e-05,0.02836926,5.948e-05
2026-07-01,1.74e-05,0.027327,-0.00078471
2026-07-02,6.018e-05,0.03303486,4.902e-05
2026-07-03,6.382e-05,0.02821619,0.00052536
2026-07-04,4.188e-05,0.02966549,0.00036712
2026-07-05,4.493e-05,0.02676072,0.00028953
2026-07-06,5.718e-05,0.02934652,
2026-07-07,4.34e-05,0.03156721,2.7e-06
2026-07-08,8.709e-05,0.02981238,6.194e-05
2026-07-09,9.391e-05,0.02579059,0.00029604
2026-07-10,0.0001225,0.02970458,0.00028974
2026-07-11,5.856e-05,,0.00029324
2026-07-12,4.744e-05,0.03215071,0.00033251
2026-07-13,3.976e-05,0.03093237,-6.274e-05
2026-07-14,7.941e-05,0.02715504,-0.00012911
2026-07-15,6.736e-05,0.02803011,-1.273e-05
2026-07-16,6.121e-05,0.02917595,-1.458e-05
2026-07-17,9.93e-05,0.02839887,-4.024e-05
2026-07-18,8.467e-05,0.03221381,7.496e-05
2026-07-19,4.596e-05,0.03804022,0.00023449
2026-07-20,6.185e-05,0.03257146,4.864e-05
2026-07-21,5.157e-05,0.03366009,9.173e-05
2026-07-22,4.264e-05,0.03501957,-4.029e-05
2026-07-23,3.836e-05,0.03363245,-6.083e-05
2026-07-24,3.132e-05,0.03335373,0.00037767
2026-07-25,2.3e-05,0.02584534,0.00030992
2026-07-26,4.534e-05,0.03003218,-0.00020179
2026-07-27,5.128e-05,,-0.00014837
2026-07-28,,,-0.00030645
2026-07-29,2.862e-05,0.02955986,-8.558e-05
2026-07-30,3.273e-05,0.03886229,8.216e-05
2026-07-31,7.096e-05,0.03549925,6.448e-05
2026-08-01,4.111e-05,0.03414652,-1.46e-05
2026-08-02,,0.026567,4.389e-05
2026-08-03,1.884e-05,0.02807767,-0.00011755
2026-08-04,6.561e-05,0.03320209,-2.942e-05
2026-08-05,6.06e-05,0.03319894,0.00044743
2026-08-06,8.355e-05,,0.00021789
2026-08-07,6.72e-05,0.03130764,-0.00022003
2026-08-08,5.223e-05,0.02943249,0.00064624
2026-08-09,5.976e-05,0.0311167,0.0003365
2026-08-10,1.771e-05,0.03396071,4.67e-06
2026-08-11,6.597e-05,,0.00030184
2026-08-12,5.569e-05,,5.159e-05
2026-08-13,5.372e-05,0.03151141,-0.0002765
2026-08-14,4.623e-05,0.03616284,-8.237e-05
2026-08-15,5.94e-05,0.03660771,0.00011776
2026-08-16,2.122e-05,0.03614567,4.7e-06
2026-08-17,4.479e-05,0.03509081,0.00010844
2026-08-18,,0.0256962,-3.918e-05
2026-08-19,2.961e-05,0.02952606,0.00014011
2026-08-20,7.251e-05,0.02749009,0.00011076
2026-08-21,3.943e-05,0.0293915,8.426e-05
2026-08-22,6.276e-05,0.03030704,-7.164e-05
2026-08-23,5.996e-05,,-0.00080622
2026-08-24,4.672e-05,0.02992588,0.00033751
2026-08-25,4.434e-05,0.02863439,3.156e-05
2026-08-26,9.673e-05,0.03248593,0.00029327
2026-08-27,9.262e-05,0.03753945,0.00022128
2026-08-28,5.934e-05,0.04029748,-0.000276
2026-08-29,4.979e-05,0.03807291,8.82e-06
2026-08-30,2.116e-05,0.03074003,2.291e-05
2026-08-31,4.934e-05,0.03574158,0.00023197
